corporate_name_s1,address,activity_places,top_suppliers
LexCorp 387 Corp.,"858, Elm St, Seattle",NJ,Blue Sun|Vehement|Massive Dynamic|Initrode
Vehement 516,"762 Cedar Boulevard, Boston",NJ|MA|NY,Globex
"Vehement 592, Corp","671 Main St., Dallas, USA",MA|NJ,Initrode
Stark 2021,"852 Cedar Blvd, Seattle",NJ|MA,Vehement|Globex|Initech|Initrode
Pied Piper 1765 Corp,"318, Elm St., Austin",TX,Globex|Massive Dynamic|Initrode|Initech
"Oscorp 1125, LLC",191 Maple Dr Boston,WA|NY,Massive Dynamic|Initrode|Initech
Massive Dynamic 1414 Corp.,"399, Main St., Austin",WA|TX|CA,Globex|Initrode|Blue Sun|Massive Dynamic
VIRTUCON 1876 Ltd,"929, Main St, San Francisco",MA,Vehement
"Stark 999, Limited","206 Pine Ave., Dallas, USA",CA|WA|NJ,Vehement|Massive Dynamic|Initrode
Gringotts 2144,499 Cedar Blvd Austin,TX,Globex
Gringotts 2330 Corp.,"948, Elm St, New York",IL|CA|WA,Initech
Acme 1877 Corporation,"578 Maple Dr., Dallas, USA",CA|MA,Blue Sun|Initrode|Massive Dynamic
Cyberdyne 166,"428, Pine Avenue, Chicago",IL|NY|TX,Massive Dynamic|Globex
Wayne 313 Corp.,"787, Cedar Boulevard, Austin",WA,Vehement|Initech
WAYNE 1337 Corp,704 Elm St New York,NY,Initech|Globex|Massive Dynamic
Virtucon 1526,998 Cedar Blvd. Seattle,CA|IL,Vehement|Blue Sun|Massive Dynamic|Initrode
"Initrode 156, Inc","613 Cedar Blvd, Dallas, USA",TX|CA,Blue Sun|Initrode|Globex
INITRODE 601 LLC,707 Cedar Blvd New York,IL|CA|NY,Blue Sun|Initrode|Globex|Vehement
"Globex 414, Corp",945 Oak Rd. Austin,TX|IL,Massive Dynamic
LexCorp 1564,"441 Oak Rd, San Francisco, USA",CA,Blue Sun
Tyrell 2099 Limited.,"798 Pine Ave., Boston",WA|MA,Globex|Initrode
"Tyrell 322, Corporation","392, Pine Ave., Boston",NY|MA|IL,Massive Dynamic|Initech|Vehement|Globex
Oscorp 1383,"14, Cedar Blvd, New York",CA|IL,Initech|Blue Sun|Initrode|Globex
Pied Piper 1236 Ltd,"718, Cedar Blvd., Dallas",NY|NJ|IL,Blue Sun
MASSIVE DYNAMIC 1730 Limited,890 Maple Dr. Austin,IL,Initech|Globex
Acme 1641,"236 Cedar Blvd., New York",NY|NJ,Blue Sun|Massive Dynamic|Vehement|Initech
Massive Dynamic 91,"105, Oak Road, Boston",NY,Initrode|Initech|Massive Dynamic
LexCorp 753,620 Elm Street Chicago,WA|CA,Initrode|Globex
LexCorp 1052,"724, Oak Road, San Francisco",IL,Blue Sun
"Massive Dynamic 324, Corporation",146 Main Street Chicago,IL,Globex
Aperture 1775,"766 Pine Ave, San Francisco",IL|TX|NY,Initech|Blue Sun
STARK 476 Limited,948 Elm St. Boston,NY|MA,Blue Sun|Initrode
CYBERDYNE 784 Ltd,689 Cedar Blvd Boston,CA|WA|NY,Blue Sun
"Aperture 2338, Corporation","239 Oak Rd, Chicago",MA|CA,Globex|Massive Dynamic
Wayne 1068 Corp.,"721, Cedar Boulevard, Boston",MA|IL,Massive Dynamic|Globex|Blue Sun|Initech
"Aperture 1241, Corp",742 Pine Avenue New York,CA|WA,Initrode
Massive Dynamic 2105,"658 Maple Dr., Dallas",NY|MA|TX,Blue Sun|Initech|Initrode|Vehement
Virtucon 2208,"533, Cedar Boulevard, Boston",WA|NJ|MA,Globex|Massive Dynamic|Vehement|Initech
"Wayne 998, Corporation","67 Pine Ave., Dallas, USA",WA|TX|NJ,Vehement|Globex|Blue Sun
Cyberdyne 200 Corp,611 Pine Ave Boston,TX|MA|NY,Globex
Pied Piper 1532,"32, Main Street, San Francisco",NY|MA|WA,Blue Sun|Initrode
LexCorp 2348 LLC,"698 Main Street, Boston",CA|NJ,Globex|Initech|Massive Dynamic
Abstergo 1937 Corp.,"263 Cedar Blvd., Dallas",WA,Vehement|Globex
Wonka 881 Inc,"540, Pine Avenue, Austin",WA,Initrode|Massive Dynamic
TYRELL 1789 Corporation,484 Pine Avenue Austin,MA|TX|WA,Initech|Initrode|Massive Dynamic
Blue Sun 2494 LLC,"755 Maple Dr, Austin, USA",TX|CA,Initrode|Blue Sun|Globex|Vehement
Monarch 760,"728 Oak Road, San Francisco, USA",MA,Globex|Vehement
INITRODE 1133 Corporation,"519 Maple Dr, Dallas",IL,Initech|Initrode|Massive Dynamic
Massive Dynamic 2054 Inc.,"628, Maple Dr, San Francisco",TX|NY|MA,Initech|Globex|Massive Dynamic|Blue Sun
Aperture 187 Corp.,"112 Elm Street, Austin, USA",NY|NJ,Globex|Massive Dynamic
Massive Dynamic 1632 Corp,"915 Cedar Blvd., Chicago",WA,Massive Dynamic|Initech|Vehement
LexCorp 742 Ltd,315 Maple Dr. New York,MA,Globex|Blue Sun|Vehement
"Virtucon 1167, Corp",838 Elm St New York,WA|CA,Massive Dynamic
STARK 1116 Limited,"130 Oak Rd, San Francisco",CA,Initrode|Massive Dynamic
Globex 20,891 Main Street San Francisco,IL|TX|NJ,Initech|Blue Sun
Tyrell 1667 Inc,"485 Maple Drive, Seattle",IL|NJ,Blue Sun
TYRELL 848 LLC,"453, Pine Ave., New York",NY|CA,Vehement
Soylent 76 Corp,"238 Main St, Boston",NY|WA|IL,Initech
Blue Sun 1697 LLC,"76 Oak Rd., Seattle",MA,Blue Sun|Massive Dynamic|Initrode|Vehement
Acme 531,504 Main St Chicago,WA|IL|TX,Vehement|Massive Dynamic|Blue Sun
Gringotts 2454,"404, Oak Rd., Seattle",CA,Vehement|Initech|Massive Dynamic
BLUE SUN 1093 Inc,"490 Cedar Blvd, Boston",NJ|TX,Globex|Massive Dynamic
Cyberdyne 1894 Limited.,"941 Pine Avenue, Dallas, USA",NJ,Initech|Massive Dynamic|Blue Sun
Initrode 1303,"485 Cedar Blvd., Boston, USA",WA|NJ,Initrode|Vehement|Massive Dynamic
Virtucon 397 Corp.,499 Elm Street Austin,MA,Blue Sun|Initech
Tyrell 906 LLC.,"368 Elm St, Dallas, USA",NJ|WA|TX,Initech|Massive Dynamic|Vehement
Pied Piper 920 Limited,"100 Main St., Chicago, USA",NJ|IL,Globex|Initech|Blue Sun|Massive Dynamic
STARK 74 Ltd,"816 Cedar Blvd., New York, USA",WA|CA|NJ,Vehement
Massive Dynamic 1329,598 Oak Rd. Austin,MA|NJ,Vehement|Massive Dynamic
ABSTERGO 905 Ltd,"552 Maple Drive, San Francisco, USA",WA|CA,Massive Dynamic|Initrode
Hooli 261 Ltd.,"230 Elm St., New York",NY|NJ|MA,Globex
"Abstergo 1178, Corporation","615, Maple Drive, Dallas",CA|MA,Initech|Initrode
"Hooli 1886, Corporation","141, Cedar Blvd., Seattle",NJ|WA|MA,Vehement|Initech|Initrode
Abstergo 2408 Inc,202 Oak Rd. Boston,CA,Globex|Blue Sun|Massive Dynamic|Vehement
Wayne 1723 Ltd.,"985 Pine Ave., Seattle, USA",TX|MA|CA,Vehement
Pied Piper 1346,"756 Maple Drive, San Francisco",WA,Massive Dynamic|Vehement|Initech|Globex
"Virtucon 2217, Ltd",256 Oak Rd Seattle,NY|WA,Initrode|Globex|Vehement
ABSTERGO 1593 Corporation,"535, Elm Street, New York",WA|CA|NY,Vehement|Initrode
Virtucon 1948 Inc,"575 Oak Rd, Chicago, USA",IL,Initech|Initrode|Blue Sun|Globex
"Blue Sun 2284, Ltd","454 Maple Dr., Dallas",TX|CA,Vehement
"Globex 51, Corp","993 Elm St, New York, USA",TX|NY,Vehement|Massive Dynamic|Globex
LexCorp 1404 Inc.,277 Elm Street Chicago,NY|MA|IL,Initrode
TYRELL 1395 Limited,"135 Oak Rd, Dallas, USA",NY|MA,Vehement|Massive Dynamic|Initrode
Oscorp 1309 Inc.,"736 Oak Rd, San Francisco, USA",TX|CA|NJ,Blue Sun|Initech|Massive Dynamic
"Pied Piper 1418, Inc","591 Elm Street, Austin, USA",NY|MA|TX,Globex
Cyberdyne 1820 Corp,"904 Pine Avenue, Dallas",TX,Initech
INITRODE 621 Ltd,"869 Cedar Boulevard, New York",MA,Vehement
Acme 1892 Inc.,997 Elm Street San Francisco,MA|WA|TX,Blue Sun
Initech 2043 Corporation,193 Cedar Blvd. Dallas,MA,Initech
Hooli 862 Corporation,"110 Oak Road, Boston, USA",CA|NJ|NY,Massive Dynamic
Pied Piper 2180 Inc.,"378 Oak Road, Boston, USA",MA,Blue Sun|Initech|Massive Dynamic|Vehement
Stark 696 LLC.,"226 Oak Road, San Francisco, USA",IL,Globex
VEHEMENT 1597 Corp,311 Maple Dr New York,IL|CA|NY,Initech
"Blue Sun 1047, Corp",667 Pine Avenue New York,MA|IL,Blue Sun|Massive Dynamic|Initrode
Oscorp 1650,"639, Pine Ave, Boston",CA|IL|NY,Initrode|Initech|Globex
Monarch 132 Corporation,"227, Pine Ave, Dallas",NY|IL|WA,Vehement
Wonka 2340,"575 Elm Street, Dallas",IL|TX,Blue Sun
"LexCorp 321, Inc","577, Main St, Austin",NJ|WA|TX,Initrode|Massive Dynamic|Vehement|Blue Sun
UMBRELLA 1992 LLC,379 Main Street New York,MA,Massive Dynamic|Vehement|Blue Sun
Soylent 2299,"72 Cedar Blvd, Chicago, USA",CA|NJ,Massive Dynamic|Globex|Initech|Vehement
MASSIVE DYNAMIC 2493 Limited,"980, Cedar Blvd, Seattle",WA,Initech|Blue Sun
APERTURE 340 Corp,"45 Oak Road, New York",WA|CA,Initrode|Initech|Globex
Globex 850,"727, Main Street, Chicago",TX|CA|MA,Blue Sun|Massive Dynamic|Vehement|Initech
Pied Piper 2169,"352 Main St., San Francisco",NY|NJ,Vehement|Massive Dynamic|Initrode
BLUE SUN 1512 Corp,"200 Maple Dr., Boston, USA",WA,Globex|Initrode|Initech|Massive Dynamic
"Monarch 1245, LLC","499 Maple Dr., Austin, USA",NY|IL|CA,Initrode|Vehement|Initech
Virtucon 1195 Inc.,"138 Oak Rd, New York",WA,Massive Dynamic|Initech|Blue Sun
BLUE SUN 1291 Inc,"937 Oak Rd, Seattle, USA",IL|TX,Vehement|Initech|Blue Sun
Abstergo 1849 Inc.,136 Pine Avenue Dallas,WA,Globex|Initrode|Vehement|Initech
Stark 1914 Corp.,"700 Elm St, San Francisco",WA|NJ|IL,Globex|Massive Dynamic|Blue Sun
"Vehement 121, Corp",599 Cedar Blvd. Austin,NJ|NY,Initech|Vehement|Globex|Blue Sun
Acme 638 Inc.,73 Oak Rd San Francisco,TX|WA,Blue Sun|Vehement|Initech
OSCORP 682 LLC,"749 Cedar Blvd., Seattle",MA|NY,Blue Sun|Vehement
HOOLI 1440 Inc,"684 Elm St, San Francisco, USA",NJ|NY|TX,Initech|Vehement|Initrode
Wonka 2313 Corporation,"866 Elm St., Chicago, USA",TX,Initech|Massive Dynamic|Blue Sun|Initrode
Massive Dynamic 1767 Corp.,"656, Cedar Blvd, Austin",TX,Initrode|Initech|Massive Dynamic|Blue Sun
Globex 1701 Corp.,"222, Oak Road, San Francisco",NY,Initrode
Umbrella 95,807 Maple Dr San Francisco,NJ|MA,Blue Sun|Globex|Massive Dynamic|Initrode
Vehement 1162,"597, Oak Road, San Francisco",NJ|NY|TX,Blue Sun|Vehement|Globex
Initech 2279 Ltd,71 Pine Ave. Dallas,NY|NJ,Initech|Globex
ABSTERGO 2010 Ltd,998 Maple Dr. Chicago,NJ,Initrode|Vehement|Globex
"Hooli 961, Limited","497 Cedar Boulevard, New York, USA",IL|NY,Vehement|Massive Dynamic|Initech|Initrode
VEHEMENT 1537 Corporation,47 Maple Dr Austin,NJ,Initech|Vehement|Globex
Pied Piper 2201 LLC.,"482 Main Street, Seattle",NJ|MA|CA,Globex|Vehement|Initech|Blue Sun
GRINGOTTS 539 Corp,"449, Maple Dr., New York",WA|MA,Globex|Blue Sun|Initrode|Initech
Cyberdyne 1550,"912 Pine Ave., Chicago",CA,Initech
LexCorp 505 Corp.,"427 Main St, New York",MA|NY,Blue Sun|Initech|Massive Dynamic
WAYNE 2435 Corp,"94 Maple Dr., Dallas",MA|IL|TX,Blue Sun|Initrode|Massive Dynamic
MASSIVE DYNAMIC 1620 Corp,"485, Elm St., Austin",CA|TX,Massive Dynamic|Globex|Initrode
Tyrell 894 Limited,"623 Elm St, Boston, USA",CA,Globex
Virtucon 865 Limited,323 Cedar Blvd. Seattle,NJ,Vehement|Initech|Initrode
Gringotts 453,622 Cedar Boulevard Dallas,NJ|TX|CA,Initrode
UMBRELLA 2337 Corporation,"365, Pine Avenue, San Francisco",WA,Vehement|Initrode|Massive Dynamic|Initech
WAYNE 1185 Ltd,"686 Oak Rd, Austin, USA",IL|TX|CA,Blue Sun
Blue Sun 731 Corporation,"423 Cedar Boulevard, Chicago",TX,Initrode
Hooli 651,69 Maple Dr. Seattle,NY,Initech|Vehement|Massive Dynamic
"Abstergo 1642, LLC","376, Oak Road, New York",MA|NY,Globex|Vehement|Initrode
"Pied Piper 2253, Corp",277 Oak Rd Chicago,MA,Massive Dynamic
Initrode 1673 Corp,"782 Pine Avenue, Chicago",CA|WA|IL,Initrode|Globex|Massive Dynamic
MONARCH 1441 Corporation,"811 Main Street, New York",MA|WA,Globex
Initrode 891,"863 Maple Dr, New York, USA",NY,Vehement
"Abstergo 1712, Corporation","767, Elm St., Chicago",WA|CA|TX,Vehement
APERTURE 1142 Inc,"923 Elm Street, Chicago, USA",MA,Blue Sun
Globex 1308 Limited.,"384 Pine Ave., San Francisco, USA",MA,Initrode
Wayne 1487 Inc,"521, Pine Ave., Boston",NJ|WA,Initrode|Vehement
LexCorp 432 LLC.,730 Pine Ave. New York,MA|NJ,Massive Dynamic|Initech|Vehement
Gringotts 1301,"775, Elm St, New York",NJ,Vehement|Blue Sun|Massive Dynamic|Initech
Tyrell 2057 Limited,"73, Pine Ave., Dallas",TX,Vehement|Massive Dynamic|Blue Sun
WONKA 2193 Ltd,"452, Elm Street, New York",NJ|MA|CA,Blue Sun|Initech|Vehement
Tyrell 2181,"664 Main Street, Chicago, USA",IL,Blue Sun
Initrode 1606 Corporation.,"825, Cedar Boulevard, Chicago",MA|CA|NJ,Massive Dynamic|Globex|Initrode
"Abstergo 922, LLC","996 Elm St., New York, USA",MA|WA|CA,Vehement|Massive Dynamic|Globex
Globex 1654,294 Maple Drive Seattle,NY|IL|NJ,Initech|Globex|Initrode|Blue Sun
"Wonka 2026, Limited","621 Main Street, Dallas",NY,Globex
Oscorp 1900 Inc,574 Elm Street Dallas,NY|NJ|TX,Globex|Massive Dynamic|Initrode|Blue Sun
Massive Dynamic 1172 Limited,"817, Pine Ave., Austin",WA|TX,Initrode|Massive Dynamic
Hooli 1840 Ltd.,"128 Pine Ave, New York",WA|NY|NJ,Initrode|Globex|Vehement
Stark 642,"956 Elm St, Austin",MA|IL,Vehement|Massive Dynamic|Globex
Cyberdyne 727 Limited,"584 Cedar Blvd, Seattle",TX|IL,Globex
Oscorp 1638 Corp,"41 Cedar Blvd, Austin, USA",TX|CA|IL,Globex|Initrode|Blue Sun|Massive Dynamic
Oscorp 1181,"109 Maple Drive, San Francisco, USA",NY,Blue Sun|Globex
Oscorp 13,756 Oak Road San Francisco,TX|MA,Blue Sun|Globex|Initrode|Massive Dynamic
Oscorp 2350 Corporation.,686 Cedar Blvd New York,TX|CA,Initrode
"LexCorp 1368, Ltd","876 Elm St, Boston",CA|NY|NJ,Massive Dynamic|Initech|Globex|Blue Sun
INITECH 2345 LLC,"895 Oak Rd, Chicago",CA|NJ,Vehement|Blue Sun|Massive Dynamic
Blue Sun 705,"633 Cedar Blvd., Boston",CA,Initech|Blue Sun
Massive Dynamic 402 Ltd,"501 Pine Ave, Seattle, USA",NJ|MA,Globex|Blue Sun|Initrode|Massive Dynamic
Virtucon 1570 Ltd,"906 Elm St, Chicago, USA",TX,Blue Sun|Massive Dynamic|Globex|Vehement
"Soylent 2358, Corporation","906, Pine Ave., Boston",WA|IL,Initech|Globex
CYBERDYNE 1713 Corporation,811 Maple Drive Austin,CA|WA|IL,Blue Sun|Initrode|Massive Dynamic
UMBRELLA 1680 Corporation,"475 Main St., Austin, USA",IL,Initech
APERTURE 773 Corp,988 Elm St Chicago,MA|WA|NY,Globex|Blue Sun|Vehement
Soylent 118 Corporation.,"139, Maple Dr., Boston",IL|NY|TX,Initrode|Initech
OSCORP 918 Limited,"638 Cedar Boulevard, Boston, USA",WA|CA,Initech
Pied Piper 567 Limited.,"394 Maple Dr., New York",MA,Blue Sun|Initech
Virtucon 2061,"924 Pine Ave., San Francisco",CA|NJ|WA,Initech|Initrode|Massive Dynamic
Monarch 329,"269, Main Street, Dallas",NY|CA,Massive Dynamic|Vehement|Initech
WAYNE 1674 LLC,"160 Maple Dr, Chicago, USA",NJ|MA|CA,Blue Sun|Vehement
Initech 93,"476 Maple Drive, Boston, USA",NY|WA|NJ,Vehement
Cyberdyne 1331 Corp,"469, Elm St, San Francisco",TX|WA,Initrode|Blue Sun|Vehement
Wayne 1023,"192 Main St., San Francisco, USA",NJ|MA,Massive Dynamic|Initrode
Globex 681,"113 Pine Ave, San Francisco",MA|TX,Initrode|Blue Sun|Initech
"Umbrella 1932, Inc",990 Main Street Dallas,TX|CA,Blue Sun|Massive Dynamic|Initrode
Blue Sun 372 Inc.,438 Oak Rd Dallas,NJ|CA|TX,Vehement|Initrode
Vehement 1516 LLC.,"871, Oak Rd., Seattle",NJ,Blue Sun|Vehement|Initech|Globex
"Wonka 2321, LLC",931 Oak Rd. Austin,IL,Initech|Massive Dynamic|Initrode
Globex 1594,"774, Oak Rd, Seattle",WA|IL|TX,Initrode|Blue Sun
"Oscorp 2261, Corporation","632 Maple Drive, Boston, USA",WA|NY|MA,Initrode|Massive Dynamic
Initech 2094 Limited.,"36, Maple Dr., New York",IL|WA|CA,Globex|Massive Dynamic|Blue Sun
Massive Dynamic 790 Ltd,"131 Maple Dr, Boston, USA",TX|NY,Initech|Globex
Umbrella 661 Inc,"876 Elm Street, Dallas",NY|IL,Initech|Globex|Massive Dynamic
Oscorp 1875 Corp,"740 Cedar Blvd., New York",NY,Blue Sun|Initrode|Vehement
GRINGOTTS 1511 Limited,624 Maple Drive New York,IL|NJ|TX,Initech|Vehement|Globex
Abstergo 980 Ltd.,562 Oak Rd Seattle,NJ,Initech|Blue Sun|Globex|Massive Dynamic
Blue Sun 717 Corporation.,"466, Oak Rd., Dallas",NY|NJ,Massive Dynamic|Initech
Pied Piper 1934,621 Cedar Blvd. New York,CA,Globex|Vehement|Initech
"Vehement 818, LLC","218 Elm St, New York, USA",CA|NJ,Globex
Initech 1321,32 Oak Rd Dallas,WA|IL|NJ,Blue Sun
GRINGOTTS 543 Inc,"126 Pine Ave., Chicago, USA",NJ|IL,Initrode|Globex|Massive Dynamic
Monarch 1200 Ltd.,"877 Cedar Blvd, San Francisco, USA",CA|TX|NJ,Blue Sun
Acme 265,"519 Cedar Boulevard, Austin, USA",CA,Initrode|Massive Dynamic|Vehement
"Monarch 126, Corp","118 Maple Drive, Chicago, USA",WA|NY|IL,Vehement|Globex
Initech 847 Limited,"598, Oak Rd, Chicago",WA|NY,Massive Dynamic|Vehement|Blue Sun|Globex
"Hooli 1888, Limited",702 Maple Dr Boston,TX|NJ,Initech|Vehement|Blue Sun|Initrode
Stark 1880 LLC.,443 Cedar Blvd. New York,WA,Globex|Initech|Vehement
STARK 1003 LLC,"654 Cedar Boulevard, New York",NY|IL,Massive Dynamic|Initech|Initrode
LexCorp 1817,995 Pine Ave Austin,WA,Initech|Blue Sun|Globex
Blue Sun 990 Corp,"836 Cedar Blvd., Boston",MA|NJ|CA,Blue Sun|Massive Dynamic|Vehement
ABSTERGO 724 Corp,668 Pine Avenue Austin,MA|NY|NJ,Initrode
Initrode 1889 Corp.,"760 Pine Avenue, Boston, USA",NJ|TX|CA,Blue Sun|Initech
Aperture 2048 Corp,279 Cedar Blvd New York,IL|NY,Massive Dynamic
OSCORP 455 Corp,"981 Elm Street, Boston, USA",NJ,Initech|Blue Sun
Hooli 1356 Inc.,"514 Main St, Seattle, USA",WA,Vehement|Globex
SOYLENT 652 LLC,"173 Main Street, San Francisco",WA,Globex|Initrode
Wonka 1002 Limited.,"494 Maple Dr, Boston, USA",IL|MA|WA,Vehement|Blue Sun|Initrode|Massive Dynamic
Umbrella 1893,"710 Elm St, Austin, USA",IL,Initech|Globex|Vehement|Blue Sun
"Abstergo 286, Ltd","458 Maple Dr, Seattle",WA|NJ|MA,Initrode|Globex|Vehement
UMBRELLA 28 Limited,961 Pine Avenue Dallas,NJ|MA,Massive Dynamic|Blue Sun
ABSTERGO 2404 LLC,"390, Elm St., Seattle",CA|NJ,Initech
"Vehement 1664, Limited","635 Cedar Blvd, Austin, USA",MA|WA,Initech|Massive Dynamic|Vehement
Monarch 2128 Limited,57 Pine Avenue Austin,NY|TX|MA,Initrode
Stark 1925,"559 Pine Ave., New York, USA",IL,Initrode|Blue Sun|Massive Dynamic
Massive Dynamic 1578,"785, Cedar Boulevard, San Francisco",CA|TX,Globex|Vehement
Blue Sun 288 Corp.,"63 Cedar Blvd, Boston",IL,Vehement|Blue Sun
LexCorp 1708 Inc,"535 Elm St, Boston, USA",NJ|IL,Initrode|Blue Sun|Vehement|Initech
Acme 1065 Inc,"361 Cedar Blvd., Dallas",NJ|WA,Blue Sun|Globex|Vehement|Massive Dynamic
"Virtucon 2200, Limited","739 Pine Ave., Austin, USA",MA|NJ|TX,Initech|Vehement
Tyrell 495 Corporation.,"703, Elm St, Chicago",CA|NY,Initrode
VIRTUCON 2187 Corporation,"163 Elm Street, Chicago, USA",CA|WA|NJ,Blue Sun|Vehement|Initrode|Globex
Aperture 97 Corporation,"146 Maple Drive, Boston",MA|WA,Initech
ABSTERGO 1796 Limited,"387 Cedar Blvd., New York, USA",NY,Initrode|Blue Sun|Vehement|Initech
Blue Sun 1969 Inc.,"311, Pine Ave., New York",MA|TX|IL,Vehement|Blue Sun
"Umbrella 244, Ltd",330 Maple Dr. Chicago,NJ,Massive Dynamic
"Tyrell 1199, Limited","373, Oak Rd, San Francisco",MA|WA,Blue Sun
"Hooli 1631, Inc",909 Maple Drive San Francisco,CA|NJ|MA,Initech|Globex|Initrode|Vehement
Acme 163,"793, Cedar Blvd, Dallas",NY|CA,Blue Sun|Massive Dynamic
Hooli 1488 LLC,"637 Pine Ave, Seattle",WA|NJ,Massive Dynamic|Vehement
"Virtucon 1636, Corporation","187 Maple Dr, Seattle",CA|WA,Massive Dynamic|Blue Sun|Initech|Vehement
ACME 2095 Limited,642 Cedar Blvd Seattle,NJ|CA|TX,Blue Sun|Initrode
Initech 1802,"540 Oak Road, Austin",NY,Initech
Umbrella 1755,"409 Cedar Blvd, Chicago",MA|CA|NY,Massive Dynamic
Soylent 508 Corp,"595, Elm Street, San Francisco",MA|NJ,Vehement|Blue Sun|Globex
APERTURE 424 Corporation,"781, Pine Ave, Chicago",NY,Globex
Globex 597 Ltd,981 Maple Drive Seattle,NJ|WA,Initrode
"Aperture 1075, Ltd","584 Cedar Blvd., New York",TX|CA|NY,Blue Sun|Initrode|Initech|Vehement
Virtucon 457 LLC.,"400 Elm Street, Chicago, USA",CA|MA|TX,Massive Dynamic
LEXCORP 692 Inc,"438 Elm St., Boston, USA",TX|IL,Initrode|Massive Dynamic|Blue Sun
"Hooli 1501, Corp","618, Cedar Blvd., New York",CA,Initech|Vehement|Globex|Massive Dynamic
Abstergo 1691 Corporation.,76 Main Street San Francisco,WA,Initech|Globex
"Cyberdyne 1391, Inc","193, Main St., Boston",CA|MA|WA,Massive Dynamic|Globex|Initrode|Vehement
Acme 581,"18 Cedar Blvd., Chicago",CA|WA,Initrode|Globex
Aperture 995 Corporation,"754 Main St, San Francisco, USA",NJ,Massive Dynamic|Vehement|Initrode|Initech
"Stark 1976, Corp","203 Elm St., Austin, USA",TX|IL|CA,Initech
Gringotts 860,"882 Main Street, Dallas, USA",CA|NY,Initech|Blue Sun
Wonka 1083,678 Oak Rd Seattle,CA|WA|NY,Vehement
"Cyberdyne 2372, Inc","558, Oak Rd., San Francisco",NY|NJ,Blue Sun|Initech|Vehement|Globex
Oscorp 1351 Inc.,"512 Main St, Dallas, USA",IL|NJ|MA,Massive Dynamic|Globex
Wonka 303 Limited.,"386, Cedar Blvd., Seattle",NJ|WA|NY,Initrode|Globex|Massive Dynamic
Pied Piper 2492 Ltd,"554 Maple Dr, Dallas, USA",IL|NJ,Initrode|Blue Sun
Pied Piper 2013,"163, Oak Rd, Austin",NJ|NY|CA,Massive Dynamic|Initrode|Globex
GLOBEX 2285 Ltd,836 Main Street Seattle,CA|WA,Massive Dynamic
Globex 1064 Corporation,"258 Elm St, San Francisco, USA",IL,Blue Sun|Globex|Massive Dynamic
BLUE SUN 1402 Ltd,"648, Main St., Dallas",NJ,Massive Dynamic|Blue Sun
"Vehement 1209, LLC",306 Oak Road New York,MA,Globex|Initrode|Initech|Massive Dynamic
Abstergo 1821 Corporation,"421, Cedar Boulevard, Dallas",MA,Vehement|Initrode|Massive Dynamic
Monarch 1354,137 Cedar Boulevard Boston,NY|TX,Blue Sun|Vehement|Globex
MASSIVE DYNAMIC 1844 Corporation,"799 Pine Avenue, Dallas",NY,Initech|Globex|Massive Dynamic
LexCorp 1056 Inc,"454 Cedar Blvd., San Francisco, USA",NY|WA|IL,Globex|Initrode|Vehement
INITECH 1127 Inc,786 Maple Dr Dallas,TX|MA|NY,Globex
GLOBEX 146 Corp,268 Maple Dr New York,NJ|MA|IL,Massive Dynamic|Initrode
"Gringotts 573, Corporation","143 Elm St, Dallas, USA",NJ,Initech|Vehement|Blue Sun|Initrode
Hooli 606,"180 Pine Ave., San Francisco",CA|MA|WA,Massive Dynamic|Initrode|Blue Sun|Globex
Massive Dynamic 2137 Corporation,892 Cedar Blvd Boston,IL,Globex|Initrode|Blue Sun
Blue Sun 2339 Limited,"781 Main St, San Francisco, USA",CA,Blue Sun
Abstergo 106 Ltd.,30 Elm Street Austin,WA|IL,Globex|Blue Sun|Vehement
"Tyrell 2430, LLC","54, Cedar Boulevard, Boston",NJ|WA|TX,Globex
"Hooli 1519, Corporation",609 Main St. Dallas,TX|WA|CA,Initrode|Massive Dynamic|Globex
"LexCorp 1485, Ltd","514 Pine Avenue, Austin, USA",MA|TX,Globex|Vehement|Initrode|Initech
Gringotts 1192 Corp,"413 Cedar Boulevard, Chicago",NY|NJ,Initrode|Vehement|Globex
Globex 1256 Corp.,"425 Main Street, San Francisco",NY,Initrode|Blue Sun|Globex
Acme 648 LLC.,"401, Cedar Blvd., Chicago",MA|TX|NY,Globex|Initrode|Massive Dynamic|Vehement
"Virtucon 1248, LLC","320 Maple Dr, New York",NY,Blue Sun
Monarch 1946 Corporation,"296 Elm St, New York",NJ|TX,Blue Sun|Globex|Initrode|Vehement
Abstergo 1801 Ltd.,"948 Maple Drive, Austin",CA|NJ,Vehement
Massive Dynamic 1207,557 Main Street Austin,MA,Massive Dynamic|Globex
Wonka 632 LLC.,472 Pine Ave Austin,IL|CA,Massive Dynamic
Virtucon 526 Corp.,"373 Oak Rd., Boston, USA",NJ,Initrode|Initech|Massive Dynamic
Wonka 600,"837, Oak Rd., Seattle",CA|IL,Vehement
"Pied Piper 1197, Limited","890 Maple Dr., Dallas, USA",NY,Blue Sun|Initech|Initrode|Massive Dynamic
Tyrell 1573 Corp.,"466 Cedar Boulevard, San Francisco",CA|NJ|NY,Initech|Globex
Tyrell 1053 LLC,"466 Elm St., Seattle, USA",CA,Globex|Blue Sun|Vehement
GRINGOTTS 933 LLC,"266 Cedar Blvd., Austin",NY|WA|NJ,Initech|Massive Dynamic|Vehement
Massive Dynamic 114 Corp,"789, Maple Dr, Chicago",WA|MA,Massive Dynamic|Initech|Blue Sun
Massive Dynamic 866,991 Maple Dr San Francisco,NJ|MA|CA,Massive Dynamic|Initrode|Vehement|Globex
Oscorp 1240 Inc,"797 Maple Dr, San Francisco, USA",NY,Vehement
Umbrella 607 Limited.,799 Main St Chicago,NY|TX,Initrode|Vehement
Globex 49,"603 Cedar Boulevard, Seattle, USA",NY|IL|WA,Initrode|Initech|Massive Dynamic
"Blue Sun 1062, Corp","159 Maple Dr, New York, USA",CA|WA,Massive Dynamic|Initech
STARK 1491 Corporation,"46 Maple Dr., Chicago, USA",CA|IL,Globex|Initrode
"Aperture 2083, LLC","432, Cedar Blvd., Boston",NY|TX|IL,Vehement|Massive Dynamic|Globex
Pied Piper 2116 Corporation.,914 Maple Drive Austin,TX|CA,Vehement|Massive Dynamic
Umbrella 1662 Ltd,"97 Main Street, New York",NJ|MA,Blue Sun|Initrode|Globex|Initech
VEHEMENT 1953 Corp,"752, Maple Drive, Dallas",NJ|WA|TX,Blue Sun|Initech|Massive Dynamic
Virtucon 697 LLC.,"455, Oak Rd., Dallas",WA,Blue Sun|Initech|Vehement|Massive Dynamic
"Monarch 1409, Corporation","685 Elm St, Boston, USA",IL,Massive Dynamic|Initech|Vehement
Acme 2388 Ltd,"416 Oak Rd., Austin",IL,Initech|Massive Dynamic
APERTURE 2052 Corporation,"121 Main St, San Francisco, USA",MA|NY|NJ,Vehement|Initech|Blue Sun|Initrode
APERTURE 1287 Corp,"747 Oak Rd, Boston",TX,Blue Sun
Pied Piper 2143 Limited,"662 Maple Dr, Boston, USA",NY,Initech|Blue Sun|Globex
"Aperture 1533, Corporation",996 Maple Dr. Austin,WA,Blue Sun|Initech|Globex
STARK 1548 Limited,"214, Oak Rd, Seattle",NY,Blue Sun|Initrode
Umbrella 1987,"567, Pine Ave., New York",NJ|WA,Globex|Vehement
Umbrella 2362 LLC.,"365, Cedar Boulevard, Austin",CA,Initech|Globex
WAYNE 2151 LLC,234 Pine Avenue Austin,CA,Massive Dynamic|Globex|Vehement
Tyrell 1974 Corp.,"169 Maple Drive, San Francisco",MA,Initrode|Vehement
Cyberdyne 718,"177 Pine Avenue, Boston",WA,Globex|Initech|Initrode|Vehement
HOOLI 1982 Ltd,"156 Cedar Blvd., Seattle, USA",NY,Initech|Globex
Abstergo 1555,"61 Maple Drive, Dallas, USA",MA,Initrode|Blue Sun
Wayne 58 LLC.,"965, Pine Ave., New York",CA|IL,Massive Dynamic|Vehement
Monarch 2400 Corp.,"153, Cedar Blvd, Dallas",TX|IL,Vehement|Globex
Stark 2237,"338 Main St, Boston, USA",WA|NY|IL,Vehement
Initrode 2433 Corp,"778 Elm Street, Dallas",WA|NJ|IL,Globex|Blue Sun
Hooli 1266 Corp.,154 Maple Drive San Francisco,NY,Initech
Initech 845 Ltd.,"774, Cedar Boulevard, San Francisco",IL|NY|TX,Initrode|Blue Sun|Initech
Vehement 2326 Corp,"131 Pine Ave, Dallas, USA",CA,Vehement|Globex
SOYLENT 614 Ltd,"436 Cedar Blvd., Chicago, USA",WA,Vehement
Massive Dynamic 1139,"359, Maple Drive, Boston",NY|NJ,Globex
Initrode 489 LLC,"813 Pine Ave., Seattle",TX,Vehement|Blue Sun
Tyrell 806 Corporation,683 Elm St. Seattle,NJ|NY,Blue Sun|Initrode|Globex|Vehement
Umbrella 1460 LLC.,854 Oak Road Boston,TX|WA,Blue Sun
"Hooli 2411, LLC","301, Maple Dr, Seattle",NY,Blue Sun|Vehement
LexCorp 1881,"936 Pine Ave, Boston, USA",NJ|NY|CA,Initrode|Blue Sun
Gringotts 2203 Ltd,"534 Pine Ave, San Francisco, USA",NY|IL,Massive Dynamic|Globex|Blue Sun|Initrode
Cyberdyne 2146 Corporation,"581, Oak Rd., Boston",WA,Vehement|Initrode|Globex
Gringotts 935 Inc.,892 Main St Austin,WA|IL,Initech
MASSIVE DYNAMIC 829 Limited,487 Cedar Blvd San Francisco,TX|MA,Initrode
MASSIVE DYNAMIC 1489 Inc,"764 Maple Dr., Dallas, USA",NY|IL|NJ,Globex|Massive Dynamic|Initech|Vehement
Initech 134 Limited.,"257 Cedar Blvd., Austin, USA",TX|NY|IL,Initech|Globex
"Wayne 2449, Corporation","327 Main Street, Austin",TX|IL,Blue Sun
Tyrell 404 Ltd,"848, Pine Ave, Dallas",CA|IL|WA,Initech|Blue Sun|Vehement|Massive Dynamic
INITRODE 1349 LLC,"946 Pine Ave., Austin",TX|CA,Vehement|Globex
Umbrella 2078,"99, Main St., New York",CA|IL|MA,Massive Dynamic|Initrode|Initech
UMBRELLA 275 Corporation,159 Pine Ave San Francisco,MA|NJ,Initech|Globex|Initrode|Vehement
Initrode 1111,"381 Main Street, Seattle, USA",MA|WA,Initrode|Vehement
Stark 325 Inc,"860 Cedar Boulevard, Austin, USA",MA,Initrode|Blue Sun|Initech
WONKA 229 Inc,"80 Elm St., San Francisco",NY|WA|MA,Massive Dynamic|Initrode|Blue Sun
Wonka 1829 Ltd.,"739 Oak Rd., Dallas",MA,Initrode
Tyrell 2141 Corp.,286 Cedar Blvd. San Francisco,TX|MA,Massive Dynamic|Blue Sun
Monarch 1015 LLC,"204, Elm St., San Francisco",TX,Initrode
VIRTUCON 2239 Corp,302 Oak Road San Francisco,CA|IL,Blue Sun|Initrode|Globex
INITECH 1048 Limited,"808 Main Street, Dallas",NY,Blue Sun|Massive Dynamic|Globex|Initrode
Monarch 748 Corporation.,402 Main Street New York,NY|MA|CA,Initech|Vehement|Massive Dynamic|Initrode
PIED PIPER 2294 Inc,"69 Elm Street, New York, USA",MA,Globex
Initrode 2165 Ltd.,"304, Cedar Blvd, Seattle",NY|WA,Blue Sun|Vehement|Globex|Massive Dynamic
CYBERDYNE 1868 Corp,"21 Main Street, New York",NY|TX|WA,Blue Sun
Blue Sun 726 Corp.,"416 Elm St., New York",MA,Initrode|Massive Dynamic|Blue Sun|Initech
"Stark 164, LLC","491 Elm St., Boston",WA|NY|IL,Massive Dynamic|Initrode
"Pied Piper 1088, Ltd","994 Maple Drive, Chicago",TX,Globex
Globex 1136 Ltd.,"351 Pine Ave, Seattle",TX|CA|MA,Blue Sun|Massive Dynamic|Initrode|Globex
LEXCORP 374 Ltd,488 Maple Dr Chicago,NJ,Initech|Blue Sun
Aperture 778 Ltd.,"195 Elm Street, Austin",WA,Initrode|Vehement|Massive Dynamic
Hooli 260 Corporation,"463 Cedar Blvd, Austin",MA|NJ|TX,Blue Sun|Vehement
Monarch 542 Limited,"550 Cedar Blvd, Chicago",CA|WA,Massive Dynamic|Vehement|Globex|Initrode
LexCorp 2205 LLC,481 Main Street New York,NJ|NY,Initech
Globex 249 Corporation.,"304, Elm Street, Chicago",WA|IL,Globex
INITECH 2397 Limited,"953 Main St., Austin, USA",TX,Globex|Initech
"Umbrella 932, Corp","832, Elm St, Chicago",NJ,Blue Sun|Vehement|Initech|Massive Dynamic
Massive Dynamic 2491 Ltd,"874 Elm St, Chicago, USA",NJ|IL,Blue Sun|Initech
"Globex 1954, Ltd","140 Oak Rd, Austin",CA,Blue Sun|Globex|Massive Dynamic
"Hooli 1901, Corp",19 Cedar Blvd Seattle,NJ|MA,Massive Dynamic|Globex
SOYLENT 2333 Corp,"314, Maple Dr., Chicago",MA|NY|NJ,Vehement
Globex 209,"603 Pine Ave., Boston",NJ|NY|IL,Blue Sun|Vehement|Globex
"Virtucon 1306, Inc",92 Elm St. Chicago,MA,Initrode|Blue Sun|Initech|Massive Dynamic
Stark 299 Ltd.,"861 Cedar Blvd., Dallas, USA",IL|WA|TX,Globex|Blue Sun|Initrode|Vehement
"Pied Piper 804, Ltd","868 Elm St., Austin, USA",IL|CA|MA,Blue Sun|Globex|Initrode
Tyrell 1959 Corporation.,516 Cedar Blvd Seattle,CA,Initech
"Vehement 2468, Corp","917 Elm Street, Boston, USA",IL|NJ,Massive Dynamic
Stark 1810 Ltd,"524 Main St., Austin, USA",WA,Massive Dynamic
Cyberdyne 341 Limited,"402 Elm St., New York, USA",MA,Initrode|Blue Sun
GRINGOTTS 1949 LLC,551 Elm St. Chicago,MA|NJ,Vehement|Initech|Blue Sun
Massive Dynamic 808 LLC.,"311, Maple Drive, Dallas",TX,Vehement|Globex|Initech|Initrode
Soylent 409 Ltd.,"63, Main St, Austin",IL,Massive Dynamic|Blue Sun
Monarch 880 Inc.,247 Main St. Chicago,MA|TX,Blue Sun
Umbrella 1995 Limited.,"287, Maple Dr, Boston",MA|NY,Globex|Blue Sun
Virtucon 1228,716 Oak Road Chicago,NJ,Blue Sun|Initrode|Globex
WONKA 39 Inc,"106 Main St, Boston, USA",CA|NJ|IL,Blue Sun|Initrode|Globex
LEXCORP 1760 Corporation,120 Pine Ave Chicago,NY,Blue Sun|Massive Dynamic|Vehement|Globex
Pied Piper 456 Corporation,579 Maple Dr New York,NY,Blue Sun|Initrode
Initech 1813 Corporation,"310 Main Street, Austin, USA",NY|IL|TX,Initrode
Initrode 797 LLC.,"997, Pine Avenue, Seattle",WA,Initech|Blue Sun|Vehement|Initrode
Monarch 2145,241 Main St. Chicago,MA,Initech|Initrode|Blue Sun
Acme 2,"105 Oak Rd, San Francisco, USA",TX|WA|CA,Vehement
TYRELL 1031 Limited,"204 Oak Rd., Seattle, USA",MA|CA,Initrode|Globex
Gringotts 2444 Ltd,"866 Cedar Blvd., New York, USA",MA|WA|NJ,Initech
Stark 1108 Ltd.,"474, Elm Street, Boston",WA,Globex|Initech|Blue Sun
Tyrell 2017,"862 Maple Drive, Boston",TX,Vehement|Initech|Blue Sun
Acme 723,"239 Pine Avenue, Seattle, USA",NY|WA|NJ,Initech|Globex
Umbrella 2424 Corporation.,"581 Maple Drive, Boston",NY|CA,Initech|Blue Sun|Initrode|Globex
Abstergo 2077,"706, Maple Dr., Boston",NY|CA,Massive Dynamic|Globex
Aperture 1979 LLC.,"940, Cedar Blvd, Austin",IL|NY,Blue Sun|Initrode
WAYNE 2381 Corporation,"107, Cedar Blvd, Seattle",NY|NJ|WA,Initrode|Globex|Initech
SOYLENT 1227 Limited,"761, Cedar Blvd., Seattle",WA,Blue Sun|Globex|Initech|Massive Dynamic
Wayne 1082,446 Pine Ave. Seattle,NY,Initech
Acme 1019 LLC,644 Pine Ave Dallas,MA,Initrode|Blue Sun
INITRODE 1397 Limited,"975, Maple Dr., Chicago",NJ|WA|IL,Initech|Massive Dynamic|Vehement|Initrode
Cyberdyne 2231 Corp,608 Elm St. Dallas,MA|TX|WA,Initrode
Vehement 2060 Corp.,"904 Cedar Blvd, Austin",NJ|MA,Massive Dynamic|Globex|Vehement|Initech
Tyrell 1264 LLC,"342 Main St, Boston, USA",WA,Globex|Initrode
Soylent 2260,31 Main St. New York,MA,Initech|Vehement
"Initech 2112, LLC",366 Cedar Blvd Seattle,WA,Globex|Initrode|Massive Dynamic
"Wonka 746, Corporation",789 Oak Rd Seattle,NY|IL|CA,Blue Sun
"Wayne 1997, Corp","806 Cedar Blvd., San Francisco, USA",NJ|IL,Blue Sun
Vehement 26 Ltd.,"871, Cedar Blvd., Seattle",WA,Blue Sun|Globex|Initech
Virtucon 1307 Corp,"382 Main St, New York",MA|NJ|CA,Vehement|Blue Sun|Initrode|Massive Dynamic
ABSTERGO 1927 Inc,"213, Main St, San Francisco",IL|NJ|MA,Vehement
"Tyrell 2030, Corporation","522 Oak Rd, Chicago, USA",IL|NJ|WA,Vehement
Gringotts 668,"43, Oak Road, Seattle",CA,Massive Dynamic|Vehement|Blue Sun|Globex
INITRODE 732 Ltd,"519 Pine Avenue, Chicago, USA",WA|NY,Vehement
Initech 268,"892 Pine Ave, Seattle, USA",IL|CA,Blue Sun|Massive Dynamic|Initech|Globex
Massive Dynamic 1769 Inc.,881 Cedar Blvd. Austin,MA|NY,Vehement|Blue Sun|Globex
MONARCH 1247 Limited,134 Elm St. Seattle,NY|MA,Globex|Initrode|Massive Dynamic
Globex 2499 Limited.,"554 Cedar Blvd, Austin, USA",NY|NJ|MA,Initrode|Blue Sun
"Acme 1815, Corp","72, Pine Ave, Dallas",CA|IL,Massive Dynamic|Blue Sun|Vehement|Globex
"Cyberdyne 2179, Corp","519, Main St., San Francisco",MA,Vehement|Initech
Wonka 2148 LLC.,"489, Maple Dr., San Francisco",NJ|CA,Blue Sun|Vehement
"Blue Sun 792, Corporation",996 Elm St Boston,NY|MA,Initech|Blue Sun|Initrode
Acme 445,"784, Main Street, Chicago",CA|IL,Massive Dynamic|Blue Sun
CYBERDYNE 949 Corp,"413, Cedar Blvd, Dallas",CA,Blue Sun
Tyrell 873,"797, Elm St, San Francisco",MA,Blue Sun|Initrode|Massive Dynamic|Vehement
Gringotts 1258 Inc,"248, Main St., New York",NJ|MA,Initrode|Initech|Globex
"Hooli 2055, Corp","475 Main St., Seattle",IL|NJ|NY,Massive Dynamic
Aperture 1250,"788 Pine Avenue, Boston",IL,Blue Sun|Initech|Initrode
Umbrella 1310 Corporation,674 Maple Dr Boston,TX|NY,Initrode|Massive Dynamic|Globex
"Pied Piper 2317, Inc","245 Elm Street, Dallas",MA,Initrode|Blue Sun
Wonka 421,"189 Elm St, Dallas",NJ,Massive Dynamic|Initrode|Globex|Vehement
"Initech 1229, Ltd","22 Maple Drive, New York",NJ|NY,Initrode
Oscorp 861,"482 Cedar Blvd, Seattle",IL|NJ|WA,Blue Sun
STARK 633 LLC,"836 Cedar Blvd, Chicago",TX|CA,Blue Sun|Vehement
"Cyberdyne 1326, Ltd",301 Maple Dr San Francisco,TX,Massive Dynamic|Globex|Initrode|Vehement
Initech 640,"32 Main St, San Francisco, USA",TX|CA,Massive Dynamic|Initrode
"LexCorp 786, Ltd","879, Maple Dr., Dallas",MA|TX|IL,Initrode|Vehement|Blue Sun|Globex
UMBRELLA 1622 Ltd,"262 Elm St, Boston",NJ,Initrode|Globex|Initech|Blue Sun
Oscorp 703 Corporation,"911, Pine Avenue, Austin",MA|CA,Globex|Initech
Oscorp 646 Corp,"500, Main St, New York",CA,Initrode
Acme 643,401 Cedar Boulevard Austin,MA|WA|IL,Vehement|Globex
"Massive Dynamic 1333, Inc","169 Main St, Boston, USA",IL|NJ,Initech|Massive Dynamic|Vehement|Blue Sun
Globex 1940,"290, Oak Rd., San Francisco",WA|CA|NY,Initrode|Blue Sun
HOOLI 1707 LLC,"670, Main St, Chicago",NY,Initech|Blue Sun
TYRELL 1103 Corporation,"538 Cedar Boulevard, New York",CA,Vehement|Globex
"Initrode 936, LLC","817 Oak Rd., Boston",WA,Globex
VEHEMENT 1076 Ltd,"351, Maple Dr, Austin",CA|NJ,Initrode|Globex|Initech|Massive Dynamic
LexCorp 1933 Limited.,"23 Cedar Blvd., San Francisco",WA|CA|MA,Massive Dynamic|Vehement|Initrode
"Initrode 1243, Inc","10, Main St., Boston",CA|WA,Blue Sun|Globex
ABSTERGO 759 Inc,"128 Maple Dr., Austin",NJ|MA|WA,Vehement|Blue Sun|Initech|Initrode
Monarch 296,206 Oak Road San Francisco,WA|NY|NJ,Globex|Massive Dynamic
GRINGOTTS 627 LLC,"73 Maple Drive, Boston, USA",MA|CA|IL,Globex|Initrode
SOYLENT 683 Corp,108 Main Street Austin,WA|CA|NY,Initrode|Blue Sun|Globex|Vehement
ABSTERGO 2263 Inc,447 Elm St. San Francisco,CA,Vehement|Initrode|Initech
Blue Sun 2291 Ltd.,"22, Main Street, Chicago",TX|NJ|WA,Massive Dynamic
LexCorp 1698,"393 Maple Dr., Seattle, USA",CA,Initrode|Initech|Globex|Vehement
"Vehement 2484, Inc","406 Cedar Blvd, Dallas, USA",MA|NJ|NY,Massive Dynamic|Blue Sun
Blue Sun 645,641 Oak Road Boston,CA|WA|NY,Globex|Initrode
Globex 921 Corp.,"751 Maple Dr, Austin, USA",NY|CA|WA,Initech|Blue Sun|Vehement
WAYNE 630 Corp,"808 Elm Street, New York",NJ,Massive Dynamic|Globex|Initech
Wonka 871 Corp,"279, Cedar Boulevard, Boston",WA|IL|NJ,Initrode|Initech|Vehement|Massive Dynamic
"Massive Dynamic 1153, Ltd",156 Main Street Dallas,IL|WA|NY,Initech
"Stark 805, Corporation",718 Elm St San Francisco,MA|NY,Globex|Massive Dynamic|Vehement
PIED PIPER 1561 Inc,"797 Main Street, San Francisco",NJ,Vehement|Blue Sun
Initrode 854 Corp.,"157, Pine Ave., Boston",NY|NJ|TX,Massive Dynamic|Initrode
Initrode 11 LLC.,"864 Pine Avenue, San Francisco",NJ|CA|NY,Massive Dynamic|Globex|Initech|Initrode
LexCorp 2032,"113 Elm Street, Dallas",WA,Vehement
ACME 2278 Corp,520 Main Street Chicago,NY,Massive Dynamic|Vehement|Initech|Globex
Stark 827 Corporation.,"762 Elm St., New York",NY,Massive Dynamic|Globex|Initech|Blue Sun
Stark 113 Corporation,"61 Pine Ave., Austin",CA|MA,Vehement|Blue Sun|Massive Dynamic
UMBRELLA 1983 Corp,565 Cedar Blvd. Dallas,TX,Massive Dynamic|Vehement
BLUE SUN 837 Inc,"950 Elm St., San Francisco",CA|WA|TX,Initech
VEHEMENT 2041 Inc,"570 Main Street, Austin",NY|IL,Vehement|Blue Sun|Initech|Massive Dynamic
Pied Piper 1322 Corporation.,"602, Pine Ave., Boston",CA,Massive Dynamic|Initech|Globex
HOOLI 1649 Ltd,"206, Cedar Blvd., New York",MA|WA,Vehement
Hooli 2283 LLC,"839, Elm Street, San Francisco",NJ,Globex|Vehement|Initech|Massive Dynamic
ABSTERGO 1996 Corporation,827 Main St Dallas,TX|IL,Blue Sun|Initrode|Massive Dynamic
STARK 2166 Inc,"525 Cedar Boulevard, Seattle",NY|MA,Globex|Initech
Stark 2332 Limited,"530 Cedar Blvd, Seattle",IL|CA,Initech|Blue Sun|Massive Dynamic|Vehement
GLOBEX 561 Corporation,"593 Pine Ave., Seattle",MA|NJ,Massive Dynamic
Wonka 2114 Limited.,"713 Cedar Boulevard, Chicago, USA",CA,Initrode|Blue Sun
LexCorp 1676 LLC,"848, Elm St, Dallas",NJ|CA,Initech
"Blue Sun 1442, LLC",315 Main Street Austin,NY,Blue Sun
Acme 2481,"635 Elm St, Dallas, USA",WA|TX,Initrode
Abstergo 427 Limited.,"798, Pine Ave., Boston",TX|WA,Initech|Initrode
Monarch 1355 Limited,"938, Cedar Boulevard, Boston",WA|NY,Globex
Virtucon 1467 Ltd,"617 Pine Avenue, Dallas",CA,Vehement
Abstergo 524 Limited.,"438 Elm Street, New York",WA|TX,Massive Dynamic
Blue Sun 603,"633 Main St., Chicago",NY|IL|NJ,Massive Dynamic|Globex|Initech
Blue Sun 1705 Ltd,"354 Maple Dr., Austin",MA|NY,Globex|Initech|Vehement|Blue Sun
Blue Sun 764 Limited,"214 Pine Avenue, Dallas",MA|CA,Globex|Vehement|Initrode
Oscorp 48 Inc.,"687 Cedar Blvd, Austin, USA",CA|WA,Globex|Initech
Blue Sun 659 Corporation,"216 Oak Rd., Chicago, USA",TX,Massive Dynamic|Vehement|Blue Sun
"Tyrell 875, Ltd","238 Elm St, Boston",NY,Initrode
MONARCH 1619 Corp,"530 Elm St., Austin, USA",NJ,Initrode|Massive Dynamic|Blue Sun|Initech
Abstergo 783 Corp,"643 Main St, Austin",CA|NJ|WA,Globex
"Acme 667, Corporation","981 Cedar Blvd, Seattle, USA",NY|TX,Vehement|Blue Sun|Globex
Cyberdyne 2357 Corporation,"505 Elm Street, Boston, USA",WA|MA|NJ,Initrode
Tyrell 1146 Corporation,"651, Elm St., Dallas",CA|IL|MA,Vehement
"Massive Dynamic 1513, Ltd","484 Cedar Blvd., San Francisco",CA|MA,Initrode
Soylent 408 Corp,"258 Main St, Boston",TX|MA|IL,Massive Dynamic|Blue Sun|Vehement|Initrode
Abstergo 1633 Corp,"473 Pine Avenue, San Francisco, USA",WA|MA|NY,Massive Dynamic|Blue Sun|Initrode|Globex
Monarch 440,42 Pine Avenue Austin,WA,Globex|Massive Dynamic|Blue Sun
"Umbrella 2092, Ltd",656 Elm Street Dallas,NJ,Massive Dynamic|Initech|Blue Sun
Wonka 1030 LLC.,"993, Elm St., New York",IL|NY|NJ,Globex|Vehement|Initrode|Blue Sun
WAYNE 901 Limited,630 Main Street San Francisco,NY|IL,Blue Sun|Initech|Globex|Massive Dynamic
Globex 1753 Limited,"924 Cedar Boulevard, Seattle",NJ|MA|TX,Blue Sun
INITRODE 2016 Corporation,"42 Elm St, Dallas, USA",NY,Massive Dynamic
Blue Sun 218 Corporation.,"915, Elm St., Chicago",IL|NY|MA,Initrode|Vehement|Initech|Globex
Wonka 152,650 Oak Rd Chicago,WA|IL|TX,Globex|Blue Sun|Initech|Vehement
"Umbrella 497, Corporation","457 Oak Rd., Dallas",WA|TX,Vehement|Globex|Initech|Blue Sun
Massive Dynamic 328 Limited.,"965, Pine Avenue, Seattle",WA|NY|MA,Blue Sun|Massive Dynamic
Tyrell 666 LLC.,324 Cedar Blvd Boston,MA|WA|IL,Massive Dynamic|Vehement
Pied Piper 1480,"763 Elm St., Chicago",NY|IL,Initech|Globex|Initrode
Vehement 982 Corporation.,"940 Pine Ave, Austin",WA|NY,Blue Sun|Initech|Vehement|Massive Dynamic
Pied Piper 1928 Inc.,771 Pine Ave. New York,MA|WA,Globex|Massive Dynamic|Blue Sun
"Vehement 1477, Corp","278 Oak Rd., Seattle",WA|MA|TX,Massive Dynamic|Blue Sun|Initech|Initrode
Acme 1214 Inc.,"769 Main St, Seattle",WA|IL,Initech|Globex|Massive Dynamic
CYBERDYNE 962 Corporation,"378, Elm St., Seattle",WA,Initech|Initrode
INITRODE 2120 Ltd,"983 Elm St., Chicago, USA",IL|NJ,Globex|Blue Sun
UMBRELLA 1938 Ltd,"727 Cedar Blvd, Seattle, USA",MA|IL|CA,Massive Dynamic
"Tyrell 94, Corp","516 Maple Dr, San Francisco, USA",NJ,Blue Sun|Vehement|Globex|Initech
Monarch 1599 Corporation.,"12 Main Street, Seattle",NY|CA,Blue Sun
GRINGOTTS 1350 LLC,783 Oak Rd San Francisco,MA,Globex|Initech|Blue Sun|Massive Dynamic
Globex 798,"928, Oak Road, Austin",CA,Initrode
Vehement 1408 Inc.,"742 Maple Dr., Austin",TX|MA,Initech
"Globex 1965, Inc","664 Oak Rd, Chicago, USA",TX,Blue Sun
Umbrella 1861,"704 Oak Rd, Austin",MA,Initrode|Globex|Massive Dynamic
Massive Dynamic 1446 Limited,"347 Elm St, Boston, USA",NY|IL|CA,Blue Sun|Vehement|Globex
Cyberdyne 997 Ltd.,"484 Cedar Blvd., Dallas",WA|IL,Globex|Initrode
Soylent 511,"748 Cedar Blvd, Austin, USA",NJ|NY|CA,Blue Sun|Initech|Massive Dynamic
Virtucon 2229,"194 Elm St, Boston, USA",MA|IL|NJ,Vehement|Blue Sun
Hooli 1242 Limited.,"805 Maple Dr., New York, USA",IL|WA,Vehement|Globex|Initrode
Cyberdyne 2300 Inc.,"563, Cedar Blvd, New York",NY|NJ|MA,Vehement|Blue Sun
INITECH 768 LLC,"808 Elm Street, New York, USA",CA|MA,Vehement|Globex|Initrode|Blue Sun
Initrode 2389,"328 Pine Avenue, San Francisco, USA",MA|NY|CA,Initech|Massive Dynamic|Initrode|Globex
VIRTUCON 207 Limited,"783, Cedar Boulevard, Dallas",TX|IL,Massive Dynamic
Monarch 2207 Limited,"717 Pine Avenue, Dallas",MA|NJ|IL,Initech|Initrode|Blue Sun
Blue Sun 2416 Corp,"694 Maple Dr, San Francisco, USA",MA|TX,Massive Dynamic|Vehement|Blue Sun|Globex
Umbrella 701,434 Oak Rd San Francisco,NJ,Initrode|Massive Dynamic|Vehement
Wayne 565,"265 Oak Rd, Boston",WA|TX|MA,Initech|Blue Sun
LexCorp 1101 Ltd,121 Maple Dr Austin,NJ,Initrode|Massive Dynamic|Blue Sun
ACME 756 Corp,"613, Elm St, San Francisco",TX|NY|MA,Vehement|Initrode|Blue Sun|Globex
Wayne 897 Corporation,"823 Elm St., Dallas, USA",NJ,Globex|Initech
"Pied Piper 1891, Corp","851 Oak Road, Chicago, USA",WA|MA,Initrode|Massive Dynamic|Initech|Blue Sun
Pied Piper 582 Ltd,"720 Oak Rd, Austin",NY,Initrode|Globex
"Aperture 227, Corporation","103, Cedar Blvd., San Francisco",NJ|IL|WA,Globex
Aperture 966 Ltd,"920 Main Street, Austin, USA",IL|WA|MA,Blue Sun|Initech|Vehement|Globex
Tyrell 2157 Corp.,"524, Maple Dr., Seattle",NJ|NY,Massive Dynamic|Initech|Vehement
ABSTERGO 1803 Inc,"319 Elm St., Seattle, USA",CA,Initech
MASSIVE DYNAMIC 1535 Corporation,"18, Main St., Boston",MA,Initrode|Initech|Massive Dynamic|Blue Sun
Vehement 151 LLC.,"592 Elm St., New York, USA",NY|WA|IL,Vehement|Initech|Initrode
Monarch 664 Inc.,"674, Pine Avenue, San Francisco",NY,Blue Sun|Initrode
"Cyberdyne 1587, Inc","475 Main St, San Francisco",MA,Initrode|Vehement|Blue Sun|Initech
Aperture 1500,860 Cedar Blvd Boston,NJ,Globex
BLUE SUN 2297 Corp,"681 Main Street, San Francisco, USA",NJ|IL,Vehement|Blue Sun|Globex|Initech
Virtucon 1688,150 Maple Drive Boston,TX|MA|CA,Initech|Globex|Vehement|Initrode
Tyrell 310,524 Pine Ave. San Francisco,WA,Vehement|Globex|Blue Sun
Pied Piper 2455 Corporation.,365 Cedar Blvd Dallas,TX,Vehement|Initech|Globex
Aperture 308 Limited.,"937, Elm Street, San Francisco",IL|NJ|CA,Blue Sun|Initech|Initrode
"Oscorp 2215, Corp","276 Elm Street, Boston",NJ|MA|NY,Vehement
Monarch 612,"382, Maple Dr, San Francisco",NY|WA|TX,Initrode|Vehement
"Abstergo 1175, Inc","825, Main St, Chicago",NY|IL,Blue Sun|Initrode
Cyberdyne 2118 LLC,392 Cedar Blvd Dallas,MA|IL,Globex
"Vehement 1150, LLC","189 Main Street, Chicago",IL,Blue Sun|Vehement|Initrode|Massive Dynamic
Vehement 180,"867 Elm St., Seattle, USA",IL|NJ|CA,Initrode
Aperture 1952,957 Main St. New York,NY|TX,Vehement|Initech|Initrode|Blue Sun
Tyrell 502 Corp,"738 Cedar Boulevard, San Francisco, USA",TX|CA|NJ,Initech|Blue Sun
INITRODE 671 LLC,"916 Main St., Dallas, USA",IL,Initech|Blue Sun
ABSTERGO 2344 Corporation,"733 Main Street, Austin, USA",WA,Blue Sun|Initech
Aperture 1119 Corp.,"429 Maple Dr., New York",IL|NJ|CA,Initech|Globex
Vehement 1562 Corporation,527 Oak Road New York,CA,Globex
Acme 1353 Corporation.,"167 Pine Ave, Chicago, USA",WA|NY,Globex
Wonka 533 Ltd.,"543 Maple Dr., Chicago, USA",WA|NY|MA,Initrode
"Stark 1140, Corp","208 Pine Ave, Dallas",NY|MA,Blue Sun|Initrode
MASSIVE DYNAMIC 1087 Inc,"869 Oak Rd., Boston",IL|NY|WA,Massive Dynamic|Blue Sun|Initech
"Virtucon 2361, Corp","445 Main St, San Francisco, USA",TX|MA|NY,Globex
Initech 596 Corp,"27 Elm St, New York, USA",NY,Initrode|Vehement|Massive Dynamic
Massive Dynamic 1412 Limited,"72 Main St, Seattle",NY|WA|MA,Massive Dynamic|Initrode|Globex|Vehement
Oscorp 44,"110, Main St, Boston",MA,Vehement
"Cyberdyne 287, Corp","949 Pine Avenue, Austin, USA",TX|NY|WA,Blue Sun|Massive Dynamic|Globex
Initrode 1581 Ltd.,"529, Pine Avenue, New York",NJ|CA|WA,Blue Sun|Initech|Initrode|Massive Dynamic
Tyrell 1576,"752 Cedar Blvd., Boston, USA",WA,Globex|Blue Sun|Initech|Initrode
Soylent 139 Limited.,"133 Cedar Blvd., San Francisco",IL|MA,Blue Sun|Globex|Initrode|Vehement
Stark 1783 Inc.,748 Oak Rd San Francisco,WA|NY,Massive Dynamic|Globex|Initech|Blue Sun
Umbrella 1609 Corporation,"684 Elm Street, San Francisco, USA",NJ|TX|WA,Massive Dynamic|Globex
Pied Piper 1432 Inc,"967 Elm St., Boston",TX|CA|NY,Initrode|Vehement|Blue Sun|Globex
Vehement 1456,"102, Oak Rd, Chicago",NY|MA|CA,Initrode|Massive Dynamic|Initech|Globex
Pied Piper 2019 Corporation.,963 Oak Rd. Chicago,NY|IL,Initech|Massive Dynamic|Initrode|Globex
ACME 2342 Corp,"388 Oak Rd., Chicago, USA",IL|NJ,Massive Dynamic
"Globex 1747, Corporation","20, Pine Ave., New York",CA|NY,Vehement|Initrode|Blue Sun
Massive Dynamic 739 Limited,"390 Pine Ave, Seattle, USA",CA|NY|IL,Initech|Initrode
Monarch 1853 Limited,"754 Maple Dr., Chicago",NY|NJ|WA,Vehement|Initrode
"Umbrella 1582, Limited","469 Pine Avenue, Seattle, USA",CA,Initrode|Massive Dynamic
Virtucon 913 Corp.,"416, Oak Road, Austin",NJ|TX|NY,Globex
Wayne 1530 Limited.,675 Oak Rd. Austin,MA,Vehement|Massive Dynamic|Initech
WONKA 1811 Corporation,"70 Cedar Blvd, San Francisco",IL|TX,Massive Dynamic
Abstergo 439 Corporation,"75 Elm St, New York",NY,Globex|Blue Sun|Initech
Monarch 377 Limited,"302 Elm St., New York",CA|WA,Vehement
"Monarch 657, Corporation","565 Pine Avenue, San Francisco, USA",NJ,Initech|Globex
Massive Dynamic 959,"814 Maple Drive, Chicago, USA",TX|MA|NY,Massive Dynamic
Umbrella 466 Inc,"774, Maple Dr., San Francisco",MA|TX|NJ,Vehement|Initech
Wayne 943 Ltd.,"807 Main St, New York, USA",IL|NJ|CA,Initrode|Initech|Vehement|Blue Sun
Monarch 741 Limited,"920 Oak Rd, Seattle",NJ|MA|IL,Massive Dynamic|Initech
Cyberdyne 2387 Inc.,791 Elm Street Boston,NJ|NY|MA,Initrode|Globex|Initech
Oscorp 407 Inc.,"722 Pine Ave., San Francisco, USA",MA,Globex|Massive Dynamic
MONARCH 1387 Inc,"790, Pine Ave., Boston",TX|IL,Initrode|Initech
Umbrella 2360 Limited.,"996 Pine Avenue, Austin, USA",IL|WA,Vehement
Tyrell 530,484 Cedar Boulevard Seattle,TX|NJ|IL,Blue Sun|Initrode
"Virtucon 522, Corp","167 Cedar Boulevard, Austin, USA",NJ|TX|WA,Blue Sun|Globex
"Aperture 2476, Inc","733 Oak Road, Dallas, USA",TX|MA,Massive Dynamic
Oscorp 1531,"205, Main St., Chicago",NY|TX,Initech|Vehement|Blue Sun|Initrode
Hooli 47 Corporation.,"958, Maple Drive, Chicago",NY|NJ,Vehement|Initrode|Globex|Blue Sun
Wayne 1915 Ltd,"536 Pine Avenue, New York",NY,Blue Sun|Massive Dynamic|Globex|Initrode
Globex 2267 LLC,"88, Main Street, San Francisco",MA|WA,Globex|Initech|Blue Sun|Initrode
Blue Sun 1315,"386, Cedar Blvd., Boston",TX,Vehement|Globex|Initech
Massive Dynamic 841 Corporation,536 Main St. New York,WA,Blue Sun|Initrode|Globex
SOYLENT 2002 Corporation,"402 Maple Dr, Seattle",TX,Initrode
BLUE SUN 811 Corp,"741, Pine Ave, Boston",MA|IL,Globex|Massive Dynamic|Initrode
Massive Dynamic 2405,"959 Cedar Boulevard, Boston, USA",CA|NJ|WA,Initrode
Wonka 996 LLC.,"360, Maple Dr., Chicago",NY|CA|NJ,Globex
"Wonka 1634, Limited",480 Elm St. Chicago,NJ|MA,Initech
Massive Dynamic 98 LLC.,"982 Maple Drive, Seattle",TX|CA,Initech
Cyberdyne 1703 Limited,"270, Elm St., New York",NY,Vehement|Blue Sun|Globex
"Initrode 2097, Corp",806 Pine Ave. San Francisco,TX|NJ|CA,Vehement|Blue Sun|Initrode
Vehement 123 Corp,"880 Cedar Blvd, Seattle, USA",NY,Massive Dynamic
Virtucon 1869 Limited.,"940 Elm St., San Francisco",NY|WA|IL,Blue Sun|Globex|Vehement|Initrode
Pied Piper 1049,"436, Main St, Dallas",NJ,Massive Dynamic|Blue Sun
SOYLENT 2005 Inc,380 Main St. San Francisco,CA|IL|TX,Blue Sun|Initrode|Initech
Vehement 33 Corporation,"418 Cedar Blvd, Boston, USA",WA|CA,Initrode|Globex|Initech
"Vehement 1158, Corp","664 Oak Road, Chicago",CA|WA,Initrode|Initech|Massive Dynamic
"Virtucon 895, Corp","851 Pine Avenue, New York, USA",TX|CA|IL,Vehement
Massive Dynamic 65 Corp.,799 Oak Rd. Boston,NJ,Initrode|Vehement
Stark 1032 Corporation,"581 Cedar Boulevard, Seattle",NY|MA|WA,Initrode
Vehement 1788 Corp,"619 Elm St., San Francisco, USA",TX|CA|NY,Globex|Vehement
Oscorp 1874,812 Elm St Austin,IL,Initrode
"Blue Sun 669, LLC","236, Cedar Blvd, Seattle",IL|NJ|WA,Blue Sun|Initech|Globex
Umbrella 1618 Corp.,"63 Oak Rd., San Francisco, USA",CA|WA,Initech
Aperture 2051,695 Main St. Chicago,MA,Massive Dynamic|Initrode
Tyrell 1007 Inc.,"818 Oak Road, New York",WA|NJ,Vehement
INITRODE 578 Ltd,"179 Main Street, Austin, USA",NY,Initech|Vehement|Globex
SOYLENT 1177 Corp,571 Oak Rd Austin,MA,Globex|Initrode
Soylent 2396 Ltd,"339 Maple Dr., Boston, USA",NY|MA|TX,Massive Dynamic
Pied Piper 1299 Corporation,"982 Oak Rd., San Francisco, USA",IL,Initrode|Blue Sun|Globex
Gringotts 137 LLC.,"387 Maple Dr, Seattle, USA",WA|CA|NY,Blue Sun|Vehement|Globex|Initrode
"Massive Dynamic 1504, Corporation","827 Main Street, Boston, USA",NJ|MA|IL,Globex|Blue Sun
Blue Sun 154 Limited.,"491 Pine Avenue, New York, USA",NJ,Initrode|Vehement|Globex
LexCorp 1157 LLC,794 Cedar Blvd. Boston,MA,Initech|Globex|Blue Sun|Massive Dynamic
INITRODE 188 Ltd,"168, Main St., Austin",CA|MA|NJ,Vehement|Initech
"Globex 1143, Corporation","865, Elm Street, Chicago",WA|TX,Vehement|Initech
Gringotts 1598 LLC.,"441 Main St., Chicago",WA,Blue Sun|Vehement|Initech
Soylent 230 LLC,346 Oak Rd. Dallas,MA|NJ|NY,Globex|Initech
"Initrode 1089, Corporation",965 Cedar Blvd. Chicago,NJ,Initech|Massive Dynamic
"Globex 2470, Limited","102 Pine Avenue, Dallas",TX,Globex|Initech
Initrode 1635 Ltd,"954, Main St, Seattle",WA,Massive Dynamic|Initech|Globex
Vehement 1051 LLC,546 Main St Chicago,WA|NJ,Massive Dynamic|Blue Sun|Globex
Monarch 1733 Ltd.,172 Elm Street Seattle,MA,Vehement
Monarch 1743 Corp.,"431 Elm Street, New York, USA",NJ|MA|NY,Initrode|Massive Dynamic|Globex|Blue Sun
Pied Piper 179 Ltd.,"358 Elm Street, Chicago",TX,Vehement|Blue Sun
Initech 2289 Inc,"265 Elm St., Chicago, USA",CA|NJ,Initech
Soylent 1895,"290 Main St, New York",NY|TX|WA,Massive Dynamic|Vehement|Blue Sun
Initech 1249,"384 Elm Street, Dallas, USA",NY,Initrode|Vehement|Globex|Initech
"Pied Piper 2320, Ltd","527, Oak Rd, Seattle",NY|WA|MA,Initech|Initrode|Vehement|Blue Sun
Initrode 390 Corp.,"37, Elm St, Austin",TX,Initech|Massive Dynamic|Vehement|Globex
Globex 1539,"550 Main Street, Austin, USA",NY,Initech|Initrode|Vehement
PIED PIPER 149 Limited,"630, Elm St., Dallas",IL|MA|TX,Vehement|Initech|Globex
Abstergo 1571 LLC.,"576 Pine Ave., Boston",MA|WA|IL,Vehement
Acme 1400,111 Cedar Boulevard New York,TX|MA|NY,Initrode|Initech|Blue Sun|Vehement
GLOBEX 882 Inc,"50, Cedar Boulevard, Chicago",CA|TX,Initrode
HOOLI 2322 Ltd,793 Elm Street Boston,CA|NY,Globex|Vehement
"Pied Piper 2325, LLC","372 Oak Rd., Austin, USA",NY|TX,Initrode|Massive Dynamic|Blue Sun
Blue Sun 953 LLC.,"361, Pine Ave., San Francisco",TX|WA,Blue Sun|Initrode|Vehement|Globex
LEXCORP 924 Inc,"302, Oak Rd, New York",WA|TX|NJ,Vehement|Blue Sun|Massive Dynamic|Globex
PIED PIPER 2235 Limited,954 Main St New York,CA,Initrode|Vehement|Globex
Pied Piper 2423 Ltd,"583, Maple Dr., Austin",TX|IL|NY,Initech|Massive Dynamic|Vehement
"Massive Dynamic 1907, Inc","875 Main St., Boston, USA",TX|WA,Globex|Initech
Soylent 311,38 Pine Ave New York,TX,Initrode
Acme 1332,"424, Maple Drive, Dallas",MA,Vehement|Blue Sun|Initech
VIRTUCON 676 Corp,"240 Oak Rd, Austin",NJ|TX,Initech|Globex|Massive Dynamic
Abstergo 1830,"526 Main Street, San Francisco, USA",NY,Globex
LexCorp 2316 Ltd,"88, Pine Ave, Boston",CA,Globex
Initech 2324 Inc.,"145 Elm St, Dallas",TX|NJ|CA,Initrode|Vehement
VEHEMENT 2428 LLC,"346 Main St, Chicago, USA",TX|MA,Globex|Vehement|Massive Dynamic|Blue Sun
BLUE SUN 695 LLC,"160 Main St., Dallas",IL|WA|TX,Initech|Massive Dynamic
Gringotts 929,"366 Pine Avenue, Dallas, USA",MA|TX,Initech|Vehement|Massive Dynamic|Globex
"Tyrell 1080, Corporation","682 Oak Road, New York",MA|TX|CA,Blue Sun|Globex|Vehement|Initech
Aperture 1973 Inc.,"235 Pine Ave., Chicago",NY,Massive Dynamic|Initech
TYRELL 2415 LLC,"348, Elm Street, Dallas",TX,Vehement|Initech|Globex|Blue Sun
Monarch 1514 Corporation.,549 Cedar Blvd Boston,MA|NY|CA,Blue Sun|Globex|Massive Dynamic|Vehement
GRINGOTTS 1679 Corporation,589 Pine Avenue Seattle,IL|TX,Vehement|Initech|Massive Dynamic
Initech 885 Corp,539 Pine Ave. Austin,MA|NJ|WA,Initrode|Initech
"Hooli 43, LLC","483, Oak Rd., Dallas",MA|CA|NJ,Initech|Vehement
Pied Piper 822,989 Cedar Boulevard Chicago,IL|NJ|CA,Initrode
Stark 1854,32 Elm St. Austin,CA|NJ,Massive Dynamic|Vehement
Soylent 2482 Corporation.,"151 Maple Dr, San Francisco",WA|NY,Blue Sun
Soylent 2466 Limited,791 Elm St. New York,IL|WA,Blue Sun
GLOBEX 1277 Corp,"208 Main St, Dallas",NY,Globex|Initech|Massive Dynamic|Vehement
Monarch 1696 Inc.,224 Cedar Boulevard New York,NY|WA|MA,Blue Sun|Initrode|Massive Dynamic
OSCORP 1971 Limited,"683 Elm St, New York, USA",CA|NJ,Initech|Vehement
GRINGOTTS 38 Corp,"600 Maple Dr., San Francisco",NY|IL|TX,Initech|Initrode|Vehement
TYRELL 17 LLC,"915, Cedar Boulevard, Austin",NY|WA,Blue Sun|Initrode
"Hooli 461, Corp","218 Pine Ave., Boston",CA|MA,Initech|Globex|Blue Sun|Initrode
"Massive Dynamic 660, Corporation","70 Main St, San Francisco, USA",NY|CA,Massive Dynamic
"Oscorp 874, LLC","925, Elm Street, Austin",MA,Initech|Globex|Blue Sun
Stark 1936,"265 Pine Avenue, Dallas, USA",NY|IL|TX,Initech|Blue Sun|Massive Dynamic|Initrode
Hooli 1887,"400, Cedar Boulevard, San Francisco",TX|WA|NY,Initrode|Vehement|Globex
Virtucon 1752 Corp,"289 Oak Rd, Austin",MA|TX,Globex
"Initrode 2090, Ltd","409 Cedar Blvd, San Francisco, USA",NY|IL,Blue Sun
Monarch 1196,683 Maple Dr. San Francisco,TX|WA|IL,Initrode|Initech|Globex|Blue Sun
BLUE SUN 1381 Corporation,"257, Elm Street, Seattle",WA,Vehement|Globex
Acme 1572 Corporation.,"856 Pine Ave., Seattle, USA",CA,Initech
Abstergo 2273 Inc,564 Elm Street New York,WA|IL|NJ,Blue Sun|Vehement|Massive Dynamic|Initech
Wayne 1090 Corporation.,"199 Main St., Dallas, USA",NY,Massive Dynamic|Vehement
PIED PIPER 937 Limited,988 Pine Avenue Seattle,WA,Vehement|Globex|Massive Dynamic|Initech
Soylent 1338 LLC.,"466 Pine Ave., New York, USA",IL|WA|TX,Vehement|Initech
LexCorp 1362 LLC.,"208, Cedar Blvd., San Francisco",NY,Vehement
"Virtucon 410, Limited",799 Oak Rd New York,IL,Initech|Vehement|Globex
Virtucon 1913 Corp,"983 Elm Street, Boston",NY|TX|NJ,Massive Dynamic|Vehement|Initrode
Massive Dynamic 1682 Inc.,"836 Cedar Blvd., Austin, USA",WA|NY,Globex
Vehement 1176,"555 Maple Dr., Austin, USA",TX|NJ,Massive Dynamic|Vehement|Initrode|Blue Sun
Umbrella 2490 Limited.,"628, Maple Dr, Seattle",WA,Massive Dynamic|Initrode
Gringotts 1464 Limited,"94, Main St, San Francisco",NY,Initech|Initrode|Blue Sun|Massive Dynamic
Initrode 2226,"165 Pine Avenue, Boston",MA|WA|TX,Blue Sun|Initech|Massive Dynamic|Vehement
Wayne 312 Corporation,"150, Main St., Chicago",IL,Initech|Initrode|Vehement|Globex
"Stark 386, LLC","412 Elm St., Boston, USA",NY|CA|TX,Globex|Initech|Blue Sun
Soylent 1583,834 Cedar Blvd. Seattle,TX|CA,Initrode
"Cyberdyne 2242, Ltd","802, Maple Dr., Seattle",WA|TX|MA,Vehement|Massive Dynamic|Initech|Blue Sun
"Pied Piper 422, Inc",537 Pine Ave New York,MA|TX,Initrode
Aperture 631 Ltd,331 Maple Dr New York,CA|MA|TX,Blue Sun|Massive Dynamic|Initrode
Soylent 371 Corp.,"154 Main St, New York, USA",NY|IL,Initech|Vehement
Soylent 206 Corporation.,"631 Pine Ave, San Francisco, USA",IL,Vehement|Initech|Initrode|Globex
SOYLENT 53 Corp,"602 Elm Street, New York",WA|CA|NY,Globex|Massive Dynamic
Acme 1092,"377, Main St, Boston",TX|CA|NJ,Initrode|Vehement|Massive Dynamic|Blue Sun
BLUE SUN 1232 Corp,663 Main Street Boston,NY,Initrode|Blue Sun|Massive Dynamic
LexCorp 1729,81 Maple Drive New York,IL|CA|NJ,Globex
"Massive Dynamic 80, Corp",456 Elm Street Seattle,CA,Initrode|Massive Dynamic|Vehement|Blue Sun
Globex 1596 LLC.,545 Oak Rd New York,IL|TX,Globex|Blue Sun|Massive Dynamic|Vehement
Wonka 2138 Ltd.,"751 Pine Avenue, Dallas",MA|TX,Initech|Initrode|Blue Sun
Initech 1106,"749 Elm Street, New York",CA,Globex|Initech|Initrode
WAYNE 713 Corp,809 Elm St Seattle,MA|CA|NY,Initech|Initrode
"Gringotts 141, Limited","788, Elm Street, Seattle",CA|MA,Globex
MASSIVE DYNAMIC 670 Inc,"773 Main St., San Francisco, USA",IL|WA|NJ,Blue Sun|Globex|Vehement|Initrode
"Cyberdyne 2038, LLC",648 Maple Dr. New York,NJ|TX|WA,Initech
Soylent 471 LLC,"769 Oak Rd., New York, USA",TX|NY,Initrode|Initech|Globex|Blue Sun
"Wayne 1347, Corp",222 Pine Avenue Austin,IL,Globex|Initech|Blue Sun
Gringotts 2011 Ltd.,"85 Maple Dr, Dallas, USA",TX|CA,Initrode|Initech|Blue Sun|Globex
Initrode 413 Corp.,597 Oak Road Seattle,CA,Initech
Soylent 620,"164 Main St., Austin",CA,Initech
STARK 334 Corporation,"568, Pine Avenue, Chicago",WA|NJ,Vehement
Wayne 868 LLC,"705 Cedar Blvd., Chicago, USA",TX|NY,Massive Dynamic|Initech|Vehement|Initrode
"Oscorp 555, Ltd",853 Pine Ave Seattle,NY|CA|TX,Initech|Globex|Blue Sun
INITECH 477 Corp,"977, Cedar Blvd., New York",CA|NJ,Initech
OSCORP 444 Inc,412 Elm Street San Francisco,TX|WA|NY,Globex
UMBRELLA 2390 Limited,584 Oak Road San Francisco,NY|TX,Massive Dynamic
Globex 2341,"992 Elm St, Seattle, USA",NJ|NY|WA,Initrode|Vehement|Massive Dynamic|Globex
Abstergo 55 Ltd.,"331, Oak Road, Chicago",WA,Vehement|Blue Sun|Initech
Aperture 281,"48 Main Street, Chicago, USA",CA|TX|IL,Initech
"Acme 900, Corp","217 Elm St., Dallas",NJ|MA|TX,Massive Dynamic|Blue Sun|Initrode|Vehement
Pied Piper 252 Inc.,875 Elm St. Dallas,WA,Vehement|Initech
Wayne 2275 Limited.,871 Elm Street San Francisco,CA,Globex
Blue Sun 1961 Corporation,"288 Oak Rd., San Francisco, USA",NY|CA|TX,Vehement|Blue Sun|Globex|Initrode
Initech 52,"701 Oak Road, Austin, USA",MA|NY,Blue Sun|Initech
Hooli 909 Inc,"203, Main St., Boston",TX|CA|IL,Vehement|Globex|Massive Dynamic
STARK 1523 Corporation,226 Oak Road New York,WA|MA,Initech|Vehement|Massive Dynamic
PIED PIPER 1515 Corp,"91, Maple Drive, Chicago",CA|NJ,Massive Dynamic
Stark 1750,"184, Main St., Seattle",NJ|TX|IL,Initech|Vehement|Globex|Initrode
VIRTUCON 779 Ltd,"911, Cedar Boulevard, San Francisco",TX|WA,Initrode
Monarch 100 Ltd.,"470, Pine Ave, Dallas",TX,Globex|Initech|Vehement|Blue Sun
Gringotts 915,"362, Cedar Blvd., Austin",IL,Initech|Massive Dynamic|Blue Sun
LexCorp 898 Inc.,280 Oak Rd. Boston,WA|MA,Initech|Blue Sun
"Stark 817, LLC",303 Cedar Blvd Chicago,CA|WA,Massive Dynamic|Initrode|Initech|Globex
Hooli 406 Inc.,"775 Maple Drive, San Francisco",NY|WA,Blue Sun|Globex|Initech
BLUE SUN 2065 Ltd,"213, Main Street, Boston",MA|CA|NJ,Globex|Vehement|Initrode
SOYLENT 2277 Limited,725 Maple Drive Boston,TX|NJ|IL,Initech|Massive Dynamic|Vehement|Blue Sun
WONKA 1761 LLC,"966 Elm St., Austin, USA",NJ,Vehement|Initech|Globex
Gringotts 1208,"761, Pine Avenue, Austin",TX|IL|MA,Vehement
Virtucon 1668 LLC.,"811 Main St, Austin",CA,Initech
Massive Dynamic 255 LLC.,"369 Main Street, San Francisco",IL|NJ,Vehement|Initech
Virtucon 190 Corporation,889 Elm Street Austin,NJ,Globex|Initrode
"Stark 358, LLC","175 Pine Ave., Boston",TX|IL|CA,Blue Sun|Massive Dynamic|Vehement|Initech
Massive Dynamic 1037 Inc,"633 Oak Road, Seattle",TX|NJ|IL,Massive Dynamic
"Wayne 1184, Inc","918 Elm Street, Dallas",NJ,Initech|Blue Sun|Massive Dynamic|Vehement
Hooli 1483 LLC.,526 Elm St Austin,IL|TX,Vehement|Massive Dynamic|Initrode|Initech
"Wonka 1057, LLC","509 Maple Dr., Boston",WA|MA|CA,Initrode|Initech
Monarch 2135 Corporation.,"879 Cedar Boulevard, New York, USA",CA,Initech
LexCorp 333 Corp,"283 Main St, Boston",TX,Blue Sun|Initrode
MONARCH 1549 Ltd,"320, Oak Road, San Francisco",WA|IL|MA,Globex
Wayne 429 Limited.,475 Cedar Blvd Seattle,IL|NJ,Blue Sun|Vehement|Globex
PIED PIPER 246 LLC,108 Cedar Blvd. Boston,MA,Globex
Globex 1001,"213 Maple Dr, Boston, USA",MA,Vehement|Globex
Soylent 2315 Corporation,465 Cedar Blvd Austin,CA|IL|TX,Blue Sun|Massive Dynamic
Hooli 1238 Corp,"988, Pine Avenue, San Francisco",NY|TX|CA,Initech|Blue Sun|Vehement
Globex 733 Ltd,607 Cedar Blvd Seattle,NJ|IL,Vehement|Blue Sun
Globex 1945 Ltd,"10 Main Street, Boston, USA",IL|MA,Initech|Massive Dynamic|Blue Sun|Globex
MONARCH 2219 Corp,386 Cedar Blvd. Chicago,IL|WA|CA,Massive Dynamic|Vehement
Monarch 2134 LLC,"637, Main St., Austin",NY|MA|IL,Initech|Massive Dynamic|Blue Sun|Globex
Gringotts 391,"601, Oak Rd., Boston",NY,Initech
Monarch 430 Corp.,785 Elm Street Dallas,MA,Globex|Blue Sun
VIRTUCON 185 Ltd,821 Cedar Blvd San Francisco,MA|IL,Blue Sun
"Tyrell 1637, Limited","561 Main St., Dallas",WA|NJ,Globex|Vehement|Massive Dynamic|Initrode
"Oscorp 1038, LLC",958 Cedar Blvd. Chicago,MA,Vehement
OSCORP 736 Inc,195 Pine Avenue New York,IL|WA,Globex|Massive Dynamic|Vehement|Initech
Globex 978,689 Pine Ave. Dallas,MA|TX|NJ,Initech|Globex|Vehement|Initrode
Acme 2427,"210 Maple Dr, Chicago, USA",WA|CA|IL,Blue Sun|Globex|Initech
Massive Dynamic 1041,"32, Cedar Boulevard, Dallas",IL|NJ|MA,Initrode|Vehement
Umbrella 2154 Corp.,"772 Main St, San Francisco, USA",MA|NY|WA,Initech|Blue Sun|Globex
"Abstergo 2018, Limited","859 Pine Ave., Seattle, USA",NJ,Massive Dynamic|Blue Sun|Initrode|Globex
Tyrell 1866 Limited.,"804 Cedar Blvd., Dallas, USA",NY|IL,Blue Sun
Initrode 14,"714 Elm St, San Francisco, USA",IL|TX,Massive Dynamic|Initrode|Globex
ABSTERGO 2139 Ltd,"898, Main St., Chicago",WA,Initech|Initrode|Massive Dynamic|Blue Sun
"Initrode 1645, LLC","415 Main Street, Dallas, USA",IL|NJ|MA,Massive Dynamic
Tyrell 2246 Inc.,"904 Main St., Seattle",TX|NJ,Blue Sun
Blue Sun 819 Corp.,"898 Cedar Blvd, Boston",CA|NY,Initech
GRINGOTTS 204 Limited,"895 Cedar Blvd, Dallas",WA|TX,Globex
GRINGOTTS 2469 Ltd,"779, Oak Rd, San Francisco",IL|NY,Globex|Blue Sun
Soylent 738 Ltd.,373 Oak Rd. Boston,NJ|NY|TX,Initrode|Blue Sun|Initech|Vehement
Globex 634,"230 Pine Ave, San Francisco",TX|WA|CA,Initech
"Blue Sun 133, Limited","728 Pine Avenue, Seattle",CA,Vehement
Abstergo 889,"846 Main St., Boston, USA",IL,Vehement|Initech|Globex
Gringotts 1335,"692 Oak Rd, Dallas",TX|IL|CA,Blue Sun|Initrode|Massive Dynamic|Initech
Cyberdyne 615 Ltd,"132 Elm St., Boston, USA",NY|MA|NJ,Initech|Massive Dynamic|Globex|Blue Sun
MONARCH 469 Corporation,"487, Main St, Dallas",NY|NJ|CA,Initrode|Vehement|Blue Sun
Initrode 1436 Corp.,"174 Pine Ave., Boston",WA|TX,Massive Dynamic|Blue Sun|Vehement
WAYNE 172 Inc,"959 Pine Ave, Austin",CA|NJ,Initrode
Pied Piper 1818 Inc.,"354 Pine Ave., Boston, USA",CA|TX,Initech|Vehement|Blue Sun|Globex
Wayne 1318 Ltd,518 Oak Rd Dallas,MA,Massive Dynamic|Globex|Initrode
"Hooli 1659, Limited","263 Main St, Austin, USA",IL|TX,Initrode|Blue Sun|Initech
Soylent 1797,258 Maple Dr New York,NJ,Blue Sun|Initech
Vehement 965 Inc,"373 Pine Ave, Boston",TX,Vehement|Initrode|Initech
WONKA 32 Corporation,"961 Elm St., Dallas",MA,Massive Dynamic|Initech
MASSIVE DYNAMIC 562 LLC,"730 Pine Avenue, Chicago",NJ|WA|CA,Vehement|Massive Dynamic
WAYNE 1494 Limited,"136, Pine Ave, New York",MA|IL|CA,Blue Sun|Initrode|Vehement
"Soylent 1325, Ltd",505 Pine Avenue Chicago,MA|TX|CA,Initech|Initrode|Globex
Abstergo 662 Limited,"974, Cedar Blvd., Austin",TX|IL,Massive Dynamic
Wayne 92 Corporation,"35 Main St, San Francisco",NJ|MA|NY,Initrode|Blue Sun|Globex
Umbrella 2276,"391, Cedar Blvd, Dallas",WA|CA,Vehement|Initech|Initrode
"Hooli 509, Corp","318, Pine Ave, Austin",NJ,Globex|Initrode|Blue Sun|Massive Dynamic
Globex 363,"855, Main Street, New York",NJ|IL,Globex|Initrode
Blue Sun 1156,"902 Main St., Chicago",CA,Blue Sun
Oscorp 18,"561 Pine Avenue, Boston",CA|NJ|IL,Massive Dynamic|Globex
Virtucon 262,704 Elm St. Austin,NY|TX|CA,Blue Sun|Massive Dynamic|Initech|Globex
Initech 2202 Inc.,783 Oak Rd Seattle,MA|NY,Initech|Globex|Massive Dynamic
"Gringotts 318, LLC","257, Cedar Blvd, San Francisco",CA|TX|NJ,Blue Sun|Globex|Vehement|Initrode
Monarch 1882 Ltd,"721 Pine Ave, Seattle, USA",WA|CA|TX,Massive Dynamic|Vehement|Globex
Oscorp 1423,"229 Pine Ave, Chicago, USA",IL,Blue Sun|Globex|Initrode|Vehement
Vehement 1977,"31, Pine Avenue, San Francisco",MA|WA,Initrode|Globex|Blue Sun
Initech 2029 LLC,"976 Pine Avenue, New York",IL|NJ|TX,Initech|Blue Sun|Globex|Initrode
"Gringotts 79, Corp","995 Pine Avenue, New York",NY|IL|MA,Vehement|Blue Sun|Initrode|Initech
"Initech 125, Corp","528, Cedar Blvd, Chicago",IL|NJ|TX,Blue Sun|Initrode|Massive Dynamic|Globex
"Vehement 1221, Ltd","497, Cedar Blvd, Dallas",MA|IL|TX,Blue Sun|Globex
Abstergo 1643 Ltd,236 Oak Road Austin,WA,Vehement|Blue Sun|Globex|Massive Dynamic
LexCorp 1736 Inc.,346 Elm St. Austin,IL|WA|NY,Globex|Initrode|Blue Sun|Initech
Oscorp 1731 Inc,438 Maple Dr Boston,WA|CA,Blue Sun|Globex|Vehement|Massive Dynamic
WAYNE 1923 LLC,"430 Main St., Austin",IL,Massive Dynamic|Blue Sun|Globex
Acme 2212 Corporation.,"166 Elm Street, New York, USA",NY|TX|MA,Globex
Vehement 761 LLC.,440 Cedar Blvd. New York,WA,Blue Sun|Globex|Initrode|Initech
Vehement 2401 Corp.,"130 Maple Dr, Chicago, USA",CA|NJ|TX,Vehement
"Acme 849, LLC","666 Cedar Blvd., Seattle",WA|MA|NY,Initech|Vehement|Massive Dynamic
Virtucon 2478 Corporation,757 Maple Drive Seattle,NY|NJ|CA,Blue Sun|Massive Dynamic
WONKA 858 Inc,"432, Cedar Blvd., Dallas",NY|CA,Globex|Blue Sun|Vehement|Initrode
"Vehement 353, Ltd","417 Cedar Blvd., Boston",MA|NY|NJ,Initrode|Globex|Initech
LEXCORP 357 Inc,"942 Main St., Dallas, USA",WA,Initrode
Massive Dynamic 2347 LLC.,170 Elm St Chicago,NJ|WA,Massive Dynamic|Globex
"Wayne 1975, Corp","933 Maple Dr., New York, USA",CA|NJ|TX,Blue Sun|Globex
Cyberdyne 2223 LLC,"995, Oak Rd., Austin",TX|WA|NY,Vehement|Initrode|Massive Dynamic
UMBRELLA 1369 LLC,"437, Maple Drive, New York",NJ|WA,Blue Sun|Massive Dynamic
OSCORP 1766 Ltd,"820, Elm St, San Francisco",NY,Initrode|Initech|Massive Dynamic|Vehement
Initech 747 Ltd,142 Elm St. Austin,CA|WA|MA,Massive Dynamic|Globex
Hooli 224 Corp.,"43 Cedar Blvd., Chicago, USA",WA|NJ|NY,Initech|Initrode|Vehement
Wonka 1610 Ltd,"261, Cedar Blvd, Dallas",NY|MA,Globex|Vehement|Blue Sun|Initrode
Massive Dynamic 332,201 Maple Dr Boston,IL|MA,Massive Dynamic|Initrode|Globex
Virtucon 61 Inc,116 Oak Road Chicago,IL|NJ|NY,Massive Dynamic|Initech
"Acme 1018, Corporation","804 Cedar Boulevard, Seattle, USA",CA|WA,Blue Sun|Globex
"Massive Dynamic 417, Inc","301, Maple Dr., Boston",NY|IL,Blue Sun|Initrode
Umbrella 626 Corp,"527 Oak Rd., Boston, USA",NJ|NY|WA,Massive Dynamic|Initrode|Globex|Blue Sun
WONKA 826 Corp,"311, Maple Dr., San Francisco",IL|WA|TX,Initrode|Globex|Initech
Aperture 1280 Inc.,"54 Main St., Boston, USA",NJ,Globex|Massive Dynamic|Initrode|Vehement
Aperture 1867,"895 Cedar Blvd., Austin",NJ,Initrode|Globex|Initech|Massive Dynamic
Initech 2301 Corp.,"529 Maple Dr., New York",WA|CA|IL,Massive Dynamic|Initrode|Initech|Blue Sun
STARK 1273 Corp,"744, Maple Dr, Seattle",WA|NY,Globex|Initech|Vehement
Tyrell 1896 Ltd,"984 Main St., Dallas",CA|IL,Globex|Initech|Blue Sun|Massive Dynamic
"Soylent 2367, Corp",357 Cedar Blvd Dallas,TX,Vehement
TYRELL 1604 Corp,"357 Elm Street, New York",MA|TX|WA,Initech|Globex|Initrode|Vehement
LexCorp 1734 Corporation,"743 Cedar Boulevard, Austin, USA",IL|MA|TX,Blue Sun
INITECH 679 Corp,"356, Elm St, Seattle",NJ,Globex
Stark 1614,"302, Oak Rd., San Francisco",MA,Initech|Initrode
Acme 963,"431 Main Street, Chicago, USA",MA,Initrode|Blue Sun|Massive Dynamic|Globex
CYBERDYNE 70 Corp,"808 Elm St, Dallas",NJ|TX,Initech|Initrode
"Tyrell 1505, Corporation",104 Maple Dr. Chicago,WA,Globex
Cyberdyne 295 Ltd.,"28 Pine Avenue, Chicago",TX,Blue Sun|Massive Dynamic|Globex|Initrode
WONKA 834 Limited,"689 Pine Avenue, Chicago, USA",CA,Massive Dynamic|Initech|Globex|Vehement
Blue Sun 2382 Corporation,"889, Pine Ave., Dallas",WA,Vehement|Initech|Globex|Initrode
VEHEMENT 1104 Inc,"802 Pine Ave, Austin",TX,Massive Dynamic|Blue Sun|Initrode|Globex
Globex 772 Corporation,19 Oak Rd Boston,TX,Globex
VIRTUCON 2496 Limited,"388 Pine Ave., Austin, USA",CA,Vehement
PIED PIPER 1225 Limited,"635 Cedar Boulevard, Dallas",CA,Blue Sun|Globex|Massive Dynamic|Vehement
Massive Dynamic 1479,719 Maple Dr Boston,NY,Initrode
"Globex 2255, Inc","251 Maple Dr., New York, USA",WA,Blue Sun
Aperture 347 Corp.,"186 Cedar Boulevard, Austin, USA",WA,Initrode|Initech|Massive Dynamic
CYBERDYNE 323 Corporation,"256, Cedar Boulevard, Boston",NJ|CA,Initrode|Initech
Blue Sun 205,773 Maple Drive Dallas,CA|NJ,Globex|Initech|Vehement
"Initech 30, Ltd","788 Elm St, Dallas, USA",CA|WA,Initech
WONKA 714 LLC,"867, Main St, San Francisco",NY|CA,Massive Dynamic|Vehement
Abstergo 1968,"915, Elm St., Chicago",IL|NY|CA,Initrode|Vehement|Blue Sun
Soylent 1847,521 Cedar Boulevard Austin,NY,Initrode
Soylent 859 Ltd.,641 Pine Avenue San Francisco,IL|WA,Vehement|Blue Sun|Massive Dynamic
Abstergo 135,"497 Cedar Blvd., Boston, USA",MA|WA|CA,Massive Dynamic|Vehement
Monarch 2233 Corporation,"341, Oak Rd., Dallas",WA|TX,Blue Sun
INITECH 974 LLC,"969 Maple Dr, Seattle",NY|IL|NJ,Initrode|Blue Sun|Initech|Globex
"Wonka 951, Limited","398 Elm Street, New York",IL|MA,Massive Dynamic|Blue Sun
HOOLI 1700 LLC,"605, Maple Drive, Boston",TX,Blue Sun|Massive Dynamic|Initrode
Tyrell 1099 Limited,747 Pine Ave. Austin,CA,Initrode|Vehement|Massive Dynamic|Globex
Virtucon 1990 Corp,"915 Cedar Boulevard, Dallas",CA,Vehement|Initech|Globex|Blue Sun
Monarch 1947 Inc,382 Pine Avenue Chicago,NY,Globex
Virtucon 1235 Ltd.,968 Main St Boston,MA|NJ,Massive Dynamic|Initech|Globex|Initrode
Tyrell 1304 Corporation,"924 Cedar Blvd., Chicago",TX,Massive Dynamic
Umbrella 1 Corporation,"702 Cedar Blvd., Seattle",IL|MA,Initech|Vehement
Soylent 637,"106 Maple Drive, New York, USA",NJ|IL|MA,Vehement|Blue Sun|Globex|Initech
LexCorp 975 Corporation.,"793, Main St., New York",IL|NY,Massive Dynamic|Initrode|Vehement|Globex
Tyrell 2378 Corporation,"681, Maple Drive, San Francisco",CA|NJ|WA,Globex
UMBRELLA 2213 LLC,"495 Main St, Dallas",IL,Initrode
Wonka 1655 Corporation.,"352, Main St., Seattle",TX|NJ|IL,Blue Sun|Initrode
Wayne 2309 Corp,"400, Cedar Boulevard, New York",NY|NJ|TX,Initrode|Initech
Vehement 1344,"466 Elm St, New York",TX|WA,Initrode|Blue Sun|Vehement
Globex 1105,716 Elm St San Francisco,NY|NJ|MA,Initrode|Globex
Massive Dynamic 2075 Corp.,126 Oak Road Austin,MA,Blue Sun|Massive Dynamic
"Umbrella 2220, Ltd",485 Maple Drive Dallas,CA|NY,Blue Sun|Globex|Massive Dynamic
"Wonka 2336, Inc","450 Elm Street, Chicago, USA",NJ,Vehement|Initech|Massive Dynamic
UMBRELLA 2009 Inc,"995, Cedar Boulevard, Boston",NY|NJ,Globex|Initech|Vehement
TYRELL 197 Ltd,"644, Cedar Blvd., San Francisco",IL,Vehement
Pied Piper 1693 Limited,661 Oak Rd. New York,TX|NJ|IL,Initrode
Soylent 1009,"171 Maple Drive, New York",WA,Initech|Globex
Vehement 2190,"15 Maple Dr, Chicago",NY,Blue Sun|Initech
APERTURE 1169 Ltd,"109 Maple Dr, Chicago",NY,Initech|Vehement
Vehement 401,"799, Pine Avenue, Boston",CA,Vehement
LexCorp 257 Inc.,"230, Maple Dr., Austin",WA,Massive Dynamic|Initrode|Initech|Blue Sun
"Soylent 449, Inc","221 Main St, New York",MA|CA,Massive Dynamic|Vehement
"Vehement 1054, Corp","815 Maple Dr, San Francisco",IL,Initrode
Umbrella 2409 Corp,"72 Elm St, Austin, USA",MA|NJ|CA,Massive Dynamic|Initech|Initrode
"Abstergo 292, Corp","970 Main St., Chicago, USA",WA,Blue Sun|Initech|Vehement|Massive Dynamic
UMBRELLA 1794 Corporation,404 Elm St San Francisco,WA|NY,Massive Dynamic|Vehement|Initrode|Blue Sun
INITRODE 1972 Limited,"273, Cedar Boulevard, Boston",IL,Massive Dynamic|Blue Sun|Vehement|Initrode
Oscorp 168 Inc.,"47 Maple Dr, New York, USA",NJ|NY,Blue Sun|Globex
VIRTUCON 1522 LLC,"470 Elm St, Dallas",WA,Blue Sun
Abstergo 194 Inc.,"316 Main St., New York, USA",CA|NJ,Initrode|Vehement
"Cyberdyne 1468, Corp","196, Maple Drive, Austin",WA|MA|NJ,Globex|Initech
"Wonka 2027, Corporation","663 Main St., San Francisco, USA",IL|MA,Initech|Initrode|Blue Sun
CYBERDYNE 1855 Ltd,"785 Maple Drive, Austin, USA",MA|TX|NJ,Globex
Acme 1259 Corporation.,492 Elm St New York,IL|NY|NJ,Massive Dynamic|Initech
Cyberdyne 215,"102, Maple Drive, New York",TX,Blue Sun|Vehement|Initech
Massive Dynamic 2268 LLC,"368, Elm St., Boston",NJ|WA|IL,Massive Dynamic
"Tyrell 463, Limited","699, Elm Street, Seattle",NJ,Globex
Blue Sun 513 Corp,"399, Pine Avenue, Austin",CA|MA,Globex|Initech|Blue Sun
Hooli 378 Corporation,"754 Pine Ave., Dallas, USA",TX,Globex|Initech|Massive Dynamic|Vehement
Stark 1495 Corporation.,"777 Elm St, Dallas",CA,Globex|Initech
Wayne 1554 Corporation.,"883 Cedar Blvd, Dallas",NY,Globex|Vehement|Initech
LexCorp 616,57 Maple Drive New York,NJ,Vehement|Globex|Massive Dynamic|Initrode
Cyberdyne 673,"272 Main Street, Boston",NJ|WA|CA,Vehement|Blue Sun|Globex
Aperture 1455 LLC.,"407 Main St, Austin",MA|TX|WA,Initrode|Globex|Blue Sun
GRINGOTTS 946 Corporation,"899, Pine Ave, Austin",TX,Vehement|Globex
Pied Piper 1568,"72 Maple Drive, Dallas, USA",MA|NY|WA,Massive Dynamic|Blue Sun
INITECH 2236 Corporation,"462 Pine Ave, Seattle",NY|WA,Blue Sun
Initrode 2238 LLC.,"597 Elm Street, San Francisco, USA",CA,Vehement|Blue Sun
LexCorp 1058,"262 Oak Rd, New York, USA",NJ|NY,Massive Dynamic|Initrode
Blue Sun 1182 Corp,"121 Cedar Blvd, Dallas, USA",NJ|NY|MA,Initrode|Blue Sun
Wayne 546 Corporation.,"533, Maple Dr, Austin",NJ|IL,Globex
"Initrode 269, Corp","437, Pine Ave., New York",NJ,Initech|Massive Dynamic
HOOLI 2085 Corp,"324 Maple Drive, Boston, USA",NY|WA|IL,Blue Sun|Initrode|Massive Dynamic|Initech
Initech 864,"931 Oak Road, Chicago, USA",MA|NJ,Globex|Massive Dynamic|Vehement
Initech 767 Corp.,938 Main St Dallas,TX,Vehement
Soylent 2234,117 Oak Rd Boston,NY|NJ,Globex|Initech|Blue Sun|Massive Dynamic
Umbrella 297 Corporation.,529 Elm St Dallas,NJ|CA,Blue Sun
GRINGOTTS 1186 Ltd,467 Oak Rd. San Francisco,IL|TX,Initech
Vehement 1508 Corporation,"512 Maple Dr, Boston",WA|IL|NY,Initrode
Gringotts 1608 Corp,"544 Oak Road, Dallas",NY|WA,Vehement|Initrode|Massive Dynamic|Blue Sun
Soylent 788,573 Cedar Blvd. Austin,MA,Initech|Initrode|Globex
Soylent 1294 Corporation,"263 Pine Ave, Austin",NJ,Massive Dynamic|Vehement|Initrode
Oscorp 1873,"199 Maple Dr., Dallas, USA",TX,Initech|Blue Sun|Initrode|Vehement
Vehement 405 LLC,"988 Cedar Boulevard, New York",WA|TX,Initech
Gringotts 373 Corp.,"748 Pine Ave, San Francisco, USA",NY|TX|MA,Initech|Massive Dynamic|Globex
Soylent 29 LLC.,909 Elm St New York,MA,Globex|Initech|Initrode|Blue Sun
"Umbrella 1556, Limited","118 Elm St, Seattle, USA",WA|CA,Initrode
Soylent 1852,"727 Cedar Boulevard, New York",CA|NY,Globex|Initrode|Massive Dynamic|Initech
Globex 69,930 Pine Ave. San Francisco,MA|NJ,Initech
Globex 487,"105, Maple Dr, Austin",IL,Initech
"Pied Piper 331, Limited","920, Maple Drive, Boston",NJ|TX|WA,Massive Dynamic|Globex
Abstergo 812 Corp.,"675, Oak Road, Seattle",NJ|WA,Initech|Massive Dynamic|Vehement|Initrode
"Monarch 1793, Ltd","325 Cedar Boulevard, Seattle, USA",WA|TX,Globex|Massive Dynamic
Umbrella 23,708 Elm St. Dallas,WA,Vehement
"Hooli 1171, Corp","944 Pine Avenue, Austin, USA",WA|MA,Initrode|Blue Sun
ACME 984 Corp,"545 Oak Rd., Chicago, USA",IL|WA|NJ,Massive Dynamic
Hooli 2292 LLC,"877 Oak Rd, Austin, USA",MA|CA|NJ,Vehement
"Gringotts 704, Inc","633, Maple Drive, New York",TX,Vehement
Wayne 384 Ltd.,"740 Pine Avenue, Dallas, USA",IL,Vehement|Globex|Initrode|Massive Dynamic
Oscorp 2192,"168 Main St, Boston",CA|MA,Massive Dynamic|Vehement|Globex
Globex 1884,"252 Main St., San Francisco, USA",MA|TX,Initrode|Initech|Massive Dynamic
Blue Sun 830 Corporation.,"62 Cedar Blvd., Seattle",NJ,Initech|Vehement|Massive Dynamic
Abstergo 925,247 Elm St. San Francisco,MA|CA,Globex|Initech
VEHEMENT 1898 Corp,"574 Pine Ave, Seattle",NJ,Massive Dynamic
Abstergo 928,"80 Main St, Seattle",NY|WA,Globex|Initrode
Aperture 1272 Corp.,"431, Oak Rd., San Francisco",TX,Blue Sun|Massive Dynamic|Initech
"Pied Piper 538, Corporation","415 Main Street, Boston",IL|NY,Blue Sun|Initech
Acme 1117 Corp,"479 Maple Drive, Dallas, USA",NJ|IL|NY,Initrode
Vehement 1738,"410 Elm St, Dallas, USA",NY,Blue Sun|Globex|Vehement|Initech
Blue Sun 241 Limited,"450 Main Street, Dallas",CA|WA,Initrode
Wonka 572 LLC,"516, Pine Avenue, Chicago",CA|NJ|MA,Massive Dynamic|Initech|Initrode|Blue Sun
LexCorp 1342 Limited.,"976 Main Street, Boston",CA|IL,Massive Dynamic|Vehement|Initech
Wayne 2209 Ltd,585 Cedar Blvd. Austin,NY|MA|WA,Initrode|Globex|Initech
Globex 690 Inc.,"164, Cedar Blvd., Boston",MA,Vehement|Blue Sun
MONARCH 2355 Corp,581 Elm St San Francisco,CA|IL,Initech
Blue Sun 381 Ltd,706 Elm St New York,MA|NY,Blue Sun|Massive Dynamic|Globex
Wonka 1692,"206 Elm St., Austin, USA",WA|MA,Initech|Massive Dynamic|Vehement
"Hooli 698, Ltd",337 Cedar Blvd Dallas,WA|TX|IL,Globex|Massive Dynamic|Vehement
Acme 2461 Ltd.,"172, Maple Dr, Austin",WA,Initrode|Massive Dynamic|Globex|Blue Sun
Vehement 1124 Corporation.,"635 Cedar Boulevard, Boston",NJ|CA|IL,Initech
Soylent 934 Corp,"785, Pine Ave, Dallas",IL,Initrode
Umbrella 1358 Inc.,"392 Elm St., Boston",CA|NJ|MA,Initech|Vehement|Blue Sun
Acme 1566 Corp,463 Oak Road Dallas,NY|NJ,Initrode|Vehement
Wonka 1702 Inc,323 Maple Drive Austin,TX|NJ,Initech
Pied Piper 1956 Limited.,"79, Maple Dr., Austin",NJ|CA|IL,Initech|Vehement
"Virtucon 1063, Corp","392 Oak Road, Dallas, USA",IL,Initech|Globex|Blue Sun|Vehement
Tyrell 2280 Ltd.,403 Maple Dr. New York,CA,Initrode|Globex|Initech
Gringotts 129 Ltd,"284, Pine Ave, Dallas",WA|TX|IL,Globex|Vehement
MONARCH 2104 Corp,"992 Cedar Blvd, New York, USA",NY,Massive Dynamic|Initrode|Blue Sun|Initech
Blue Sun 2071 Corp,"396 Oak Road, Chicago, USA",IL,Vehement|Globex|Initech
"Massive Dynamic 2295, Limited","986 Main St., Austin",CA|NJ|WA,Globex|Initech|Vehement|Blue Sun
ACME 1612 Inc,"358 Maple Dr., San Francisco, USA",WA,Massive Dynamic|Initrode|Initech
LexCorp 1112 LLC.,"636 Oak Rd., Austin, USA",WA|NY,Vehement|Globex
Vehement 258,"748 Pine Avenue, Dallas, USA",NY,Blue Sun
UMBRELLA 193 Ltd,"788, Cedar Blvd., Boston",NJ|CA,Globex|Initech|Blue Sun
Massive Dynamic 465 LLC,"320, Main Street, San Francisco",CA|TX|MA,Initrode
"Tyrell 2050, Corporation",172 Elm Street Austin,IL,Initrode
Vehement 2247 Corp,"113 Main St., Austin, USA",IL|WA,Initrode|Massive Dynamic
SOYLENT 2351 Ltd,"150, Elm St, Austin",CA,Blue Sun
OSCORP 2311 Ltd,"760, Main St., Dallas",NJ|MA|TX,Blue Sun
Pied Piper 1459 Corp,"958 Pine Ave, Boston, USA",NY|WA,Vehement|Massive Dynamic|Initech|Globex
MONARCH 605 Corp,"985 Pine Ave., Seattle, USA",NY|TX,Initech
Initech 1567,"96, Pine Ave., Chicago",TX|NY,Vehement|Blue Sun|Initrode
Pied Piper 711 LLC.,768 Maple Dr. Dallas,IL|CA|TX,Vehement|Massive Dynamic|Initech|Blue Sun
Hooli 628 Corp,"881, Pine Ave., Dallas",WA|CA,Initrode|Vehement
"Initrode 926, Corp","10, Oak Rd., New York",NJ,Initech|Blue Sun|Vehement|Globex
"Wayne 893, Corp","67 Oak Road, Chicago",CA|TX|WA,Initrode|Massive Dynamic
Monarch 2452 Corp.,373 Elm St Chicago,NJ|TX|CA,Globex
TYRELL 169 Corp,"895, Elm Street, Dallas",TX,Blue Sun|Globex
Initrode 1033 Corporation.,"600 Pine Ave., Boston, USA",CA|MA,Globex|Initech|Massive Dynamic|Blue Sun
"Oscorp 2006, Corporation","495 Oak Rd, New York",TX|WA|CA,Globex|Massive Dynamic
Virtucon 814 Inc,737 Maple Drive Boston,NY|NJ|MA,Initech|Initrode
Monarch 1046 Corp.,855 Cedar Blvd. Boston,CA,Massive Dynamic|Globex|Blue Sun
VIRTUCON 399 Ltd,"668 Cedar Blvd, Chicago",NY|WA|NJ,Massive Dynamic|Vehement
Blue Sun 290 LLC,"904 Oak Rd, Chicago, USA",WA|NY,Globex|Massive Dynamic|Blue Sun|Vehement
"Tyrell 1393, Limited","721, Elm Street, New York",NY,Initech|Massive Dynamic|Vehement
"Wayne 454, Corp","686 Elm St, San Francisco",NJ|WA,Initech|Globex
APERTURE 34 Corp,"133 Oak Rd, San Francisco",MA,Initrode|Globex|Massive Dynamic
BLUE SUN 1724 Inc,"597 Maple Drive, Austin",TX|NJ,Globex|Initech|Massive Dynamic
Tyrell 2023,"178 Main St, Dallas, USA",TX|WA|MA,Massive Dynamic
SOYLENT 2049 LLC,"726, Elm St, New York",IL,Initrode
Cyberdyne 1230 Limited,"234, Cedar Blvd, Chicago",NY|IL,Globex|Vehement|Massive Dynamic|Initrode
Soylent 2161 Ltd.,991 Main Street San Francisco,MA|CA,Initech
Wayne 1152 Inc.,"204 Pine Avenue, Austin, USA",TX|NJ,Massive Dynamic
MASSIVE DYNAMIC 1086 Corp,"79, Elm St, Seattle",NJ|TX,Blue Sun|Massive Dynamic
"LexCorp 1845, Ltd","689 Elm St, Seattle",TX,Blue Sun|Initrode|Initech
LEXCORP 96 Limited,"485 Main St, Seattle",MA|WA,Initech|Blue Sun
"Blue Sun 1091, Limited","590 Elm Street, San Francisco",IL,Initech|Blue Sun|Initrode
"Vehement 2448, LLC","867, Cedar Blvd, Boston",NY,Vehement|Initrode|Initech|Massive Dynamic
Massive Dynamic 1603 Ltd.,"101 Elm Street, Boston",NJ|CA|WA,Initrode
Initech 2457,"535, Oak Road, Chicago",NJ|MA,Vehement|Globex|Initrode|Blue Sun
Umbrella 1420 Limited.,"837, Maple Dr., New York",CA|WA,Massive Dynamic
Globex 1920,"374 Main Street, Seattle, USA",NJ|TX|WA,Massive Dynamic|Vehement|Initech
Massive Dynamic 2121,"449 Oak Road, Chicago, USA",NJ|NY|TX,Vehement|Globex|Initrode
Wonka 766 Ltd.,"714 Maple Dr., Chicago",CA,Massive Dynamic|Initech|Globex|Vehement
"Hooli 2155, Ltd","39 Maple Dr, Boston",WA|MA|IL,Globex|Initrode|Initech|Massive Dynamic
Blue Sun 1595,"882, Maple Drive, New York",CA,Massive Dynamic|Initrode
LexCorp 1445 Limited.,267 Maple Dr. New York,NY,Massive Dynamic|Vehement|Initech|Globex
Virtucon 339,"173 Main St., San Francisco",CA|NJ|MA,Massive Dynamic|Vehement|Initrode|Globex
Initech 1300 Ltd,"26 Maple Dr., Boston, USA",MA|IL|WA,Initech|Blue Sun|Initrode
Hooli 2414 LLC.,"587 Main Street, San Francisco, USA",NJ|CA,Initech|Initrode|Vehement|Blue Sun
Blue Sun 2177 Ltd.,"505 Main St., Chicago, USA",NY|MA,Vehement|Initrode|Globex
"Abstergo 1544, LLC",682 Maple Dr. San Francisco,NJ,Vehement
Soylent 1819 Limited,"973 Pine Ave, Boston, USA",NJ|NY|IL,Vehement|Massive Dynamic|Globex|Initech
ABSTERGO 1107 Limited,"569 Oak Road, Austin",WA,Blue Sun|Globex
MONARCH 2218 Limited,501 Pine Ave. Chicago,NJ|IL|NY,Massive Dynamic|Globex
APERTURE 1746 Ltd,"400, Pine Ave, Boston",NJ,Massive Dynamic|Globex
Wayne 2012 Limited,"384 Oak Rd., New York, USA",IL|TX,Massive Dynamic|Blue Sun
INITECH 570 Inc,758 Maple Drive Boston,MA|IL|NJ,Globex|Initech
"Initech 1728, Inc","943 Maple Dr., Chicago",TX,Blue Sun|Vehement|Massive Dynamic
Initrode 820 Limited,584 Maple Dr San Francisco,IL,Blue Sun|Massive Dynamic|Initech
"Vehement 2204, Corporation",64 Maple Dr San Francisco,CA|IL,Vehement|Initech|Globex
CYBERDYNE 1719 LLC,"152 Elm St., Dallas",MA|IL,Massive Dynamic
Monarch 2465 Limited.,"704 Maple Drive, Chicago, USA",WA|MA|TX,Vehement|Globex
Initrode 2410 Inc.,"582 Oak Rd., Chicago",WA,Blue Sun|Initech|Globex
Oscorp 1577 Inc,"300 Oak Road, New York, USA",NY,Globex|Blue Sun|Initech|Massive Dynamic
"Pied Piper 958, LLC","521 Oak Road, Dallas, USA",CA,Blue Sun
Oscorp 2003 LLC.,"559 Oak Road, Austin",CA|WA,Blue Sun|Initech
Initrode 278,660 Elm St. Chicago,NJ|TX|MA,Globex|Vehement|Massive Dynamic
Aperture 2174 Corp.,"512, Cedar Blvd., Chicago",CA|MA|WA,Globex|Vehement|Massive Dynamic
Initrode 0 Ltd,"124 Main St, Boston",IL|WA|NY,Massive Dynamic|Vehement
STARK 153 Limited,"575 Main Street, San Francisco",CA|NY|NJ,Massive Dynamic
INITRODE 514 Corporation,618 Oak Rd Chicago,TX|NJ|MA,Initrode|Blue Sun
VEHEMENT 1138 Limited,"528, Elm St., Chicago",IL|MA,Globex|Vehement|Initech|Blue Sun
"Wayne 2100, LLC",652 Main St. Boston,CA|MA,Initech|Massive Dynamic|Globex
Cyberdyne 2194 Ltd,264 Cedar Boulevard Boston,TX|CA,Initech
"Virtucon 2475, Ltd","413 Cedar Blvd., San Francisco, USA",NJ|MA,Initech
Monarch 1255,"556 Maple Dr., New York, USA",CA,Initech|Massive Dynamic|Initrode
"Abstergo 1216, Corp","251, Maple Drive, San Francisco",CA|MA,Initrode|Blue Sun|Globex|Vehement
Initech 136,"311, Oak Rd, Austin",NY|CA|WA,Blue Sun|Vehement|Initech
"Stark 1960, Corporation","458 Elm St., Austin, USA",CA|IL,Initrode|Massive Dynamic|Blue Sun
LEXCORP 840 Corp,466 Maple Drive New York,NY|WA,Massive Dynamic|Blue Sun|Vehement|Initech
Pied Piper 1652 Ltd,"874, Maple Drive, Chicago",TX|IL|WA,Initech|Globex
VIRTUCON 294 Inc,"944 Elm St., New York, USA",CA,Blue Sun|Vehement|Initech|Globex
Oscorp 1607,"97 Oak Rd, Seattle",IL|NJ,Initech|Vehement|Initrode|Blue Sun
Wonka 1984 Ltd.,152 Maple Dr. Dallas,MA|IL|NJ,Initech|Initrode
Abstergo 496,"751 Main St, Seattle, USA",WA|NJ|IL,Initrode|Massive Dynamic
"Umbrella 801, Corporation",785 Maple Drive New York,IL|CA,Blue Sun
Stark 326 Inc.,"840 Oak Road, New York",CA|IL,Blue Sun|Globex
GRINGOTTS 1323 Corp,"691 Cedar Blvd, Seattle",NY,Initrode
Monarch 2262 Inc,"63 Maple Dr., Dallas, USA",CA|IL,Initrode
TYRELL 800 LLC,"230, Maple Drive, Dallas",IL|NY|CA,Globex|Vehement|Initech
Stark 1211 Ltd.,"596, Main St, Boston",MA,Initech|Globex|Massive Dynamic|Initrode
Globex 396,732 Oak Rd Seattle,NJ|MA|CA,Globex|Initrode|Initech
Umbrella 1669 Corporation.,115 Main Street Seattle,NJ|CA,Blue Sun
Vehement 2305,"646 Main St, San Francisco",TX|IL|MA,Initech|Blue Sun|Globex|Initrode
Abstergo 144,976 Oak Rd. Boston,NY,Vehement|Initrode|Initech|Blue Sun
Abstergo 1808,"437 Elm St., Austin, USA",NY|IL,Blue Sun|Initrode|Massive Dynamic|Globex
"Oscorp 1955, LLC","365, Pine Avenue, Austin",NJ,Massive Dynamic|Initrode|Globex
INITECH 1388 LLC,345 Maple Dr New York,MA,Massive Dynamic|Blue Sun
Blue Sun 1822,"135 Elm Street, Chicago",WA,Massive Dynamic|Initech|Blue Sun|Globex
"Initech 1737, Limited",304 Cedar Boulevard Austin,NY|IL,Globex|Initech
"Oscorp 2266, LLC","591 Main St., Dallas",CA|IL|WA,Initech|Massive Dynamic
APERTURE 1438 Corporation,507 Elm St Austin,NJ|TX,Massive Dynamic|Initrode|Globex
Cyberdyne 2425,"885 Maple Dr, Dallas",MA|IL,Initech|Vehement|Initrode|Globex
Soylent 908,"941, Main St, Chicago",NJ,Massive Dynamic
Cyberdyne 291 LLC,"327, Cedar Blvd., Boston",WA,Vehement|Initech
Pied Piper 564 Ltd.,"950 Main St, Chicago",TX|WA,Initrode|Globex
Initrode 1754 Ltd,"840, Elm St., Boston",NY|TX|MA,Vehement
LexCorp 22 LLC,"267 Elm St, Dallas, USA",TX|MA,Vehement|Initrode|Initech|Blue Sun
Pied Piper 1580 LLC,"527 Main St, Boston",WA|NJ|NY,Initrode
Abstergo 240 Corporation.,"342 Maple Drive, Seattle",TX|NJ|MA,Blue Sun
Acme 1066 Inc,349 Oak Road Boston,NY,Vehement
Massive Dynamic 1722 Corp.,"611 Main St, Seattle, USA",NJ,Initech
"Tyrell 1073, Ltd","246 Maple Dr., Seattle, USA",TX|MA|NY,Blue Sun|Vehement|Globex|Massive Dynamic
"Massive Dynamic 210, Limited","775, Maple Drive, San Francisco",WA,Vehement|Massive Dynamic|Initech
UMBRELLA 2252 Corp,"606 Maple Dr, Chicago, USA",CA,Initech
Pied Piper 1600,"502, Elm St, Chicago",IL,Massive Dynamic
Wonka 964 Limited,"600 Elm St., Boston, USA",IL,Globex|Vehement
Stark 475 Ltd.,"760, Pine Avenue, San Francisco",NY,Initech
MONARCH 1929 LLC,"992 Cedar Blvd, Chicago, USA",NY,Blue Sun|Initrode|Vehement
LexCorp 611 Ltd,12 Main St Dallas,CA|NJ,Globex
Abstergo 1718,"437, Oak Road, Austin",NJ|MA,Initech|Globex
ACME 2463 Inc,"459 Elm St., Austin, USA",NY|WA|MA,Initrode|Vehement|Blue Sun
Stark 1834 Limited,961 Pine Ave. Austin,CA|NY|WA,Initrode
Wonka 930 Limited,"475, Maple Dr., Seattle",CA|IL|TX,Massive Dynamic|Vehement|Blue Sun|Globex
INITECH 314 Limited,"29, Pine Avenue, San Francisco",NJ|IL|WA,Initrode
Initech 1374 Corp,"445 Cedar Boulevard, Dallas, USA",MA,Globex|Initech|Initrode
Tyrell 699 Limited.,"575 Pine Ave, Dallas",WA,Globex|Initrode|Vehement|Initech
Soylent 557 Corp,"314 Main St, Austin, USA",WA,Initrode
PIED PIPER 83 Corporation,"81 Cedar Blvd., Chicago",MA|WA|TX,Blue Sun
Abstergo 781 Ltd.,"899 Cedar Boulevard, Seattle",IL,Blue Sun
BLUE SUN 523 Corporation,500 Elm Street Austin,NY|CA|TX,Globex|Blue Sun
"Wayne 231, Inc",143 Elm Street Chicago,NJ|TX,Vehement|Blue Sun|Initrode|Globex
Virtucon 1283 Corporation.,929 Pine Ave. San Francisco,NY|NJ,Globex|Initech|Massive Dynamic|Blue Sun
"Stark 955, Limited","595, Oak Rd., Seattle",NJ|TX,Globex|Initrode
Acme 872 Inc.,"879, Elm St., Boston",TX|NJ|CA,Globex
Blue Sun 1198 Ltd,"194 Maple Dr., Seattle",IL|NJ|WA,Vehement|Initrode|Initech
"Acme 344, Inc","763 Oak Rd, Austin, USA",CA|NJ,Initech|Globex|Massive Dynamic
Globex 1966,"667, Oak Road, Dallas",WA|NJ|NY,Massive Dynamic|Globex
INITRODE 1918 Limited,"592 Maple Dr, San Francisco, USA",WA,Initrode
OSCORP 460 Limited,"432 Maple Dr, Seattle, USA",CA,Initrode|Globex
Abstergo 1070 Inc.,"642 Pine Ave, New York",TX,Vehement|Globex
Cyberdyne 211,"553 Elm Street, Chicago",WA|NY,Massive Dynamic|Globex|Initrode
Wayne 181,"467 Elm St., Austin",CA|NJ,Initrode|Globex|Initech
Virtucon 1742 Corp.,"948, Main St, Boston",IL|TX,Vehement
"Umbrella 1226, Limited","271, Cedar Blvd., Seattle",NY,Vehement|Massive Dynamic|Globex
Monarch 1909,"837 Main Street, Austin",IL|MA|NJ,Massive Dynamic|Initrode|Vehement|Blue Sun
Tyrell 494,"961 Main St, Chicago, USA",IL,Initech|Initrode
Initrode 1012 LLC.,"784, Pine Ave, Dallas",MA|IL|WA,Blue Sun|Globex|Initrode|Massive Dynamic
Initech 1805 Limited,121 Cedar Boulevard Seattle,MA|WA|NJ,Blue Sun
CYBERDYNE 863 Inc,"141 Cedar Boulevard, Boston",CA|NJ|NY,Massive Dynamic|Vehement|Initech
CYBERDYNE 116 Corp,"239 Cedar Boulevard, New York, USA",NJ,Initech|Blue Sun
"Massive Dynamic 2127, Limited","842 Pine Ave, San Francisco",NJ,Initrode|Initech
Cyberdyne 1546,"825 Maple Dr, Dallas, USA",NJ|IL|CA,Initech|Massive Dynamic|Blue Sun
Oscorp 1964 Corp.,131 Oak Rd. San Francisco,MA,Vehement|Initech|Globex
STARK 1363 Corp,566 Pine Ave. Dallas,IL,Initrode
Wonka 515 LLC,"500 Pine Avenue, San Francisco, USA",CA|NJ|MA,Initrode|Initech|Blue Sun
Abstergo 1311,"224 Cedar Blvd., Dallas",IL|NJ|CA,Vehement
"LexCorp 1040, Limited","148 Pine Ave, New York",NJ|TX,Initech|Massive Dynamic|Globex
"Blue Sun 1538, Limited","967 Cedar Blvd, Dallas",IL,Globex|Vehement
LexCorp 1590,807 Maple Dr Dallas,MA,Initech|Massive Dynamic
TYRELL 1398 LLC,"506 Elm Street, Chicago, USA",WA|NJ,Initech|Globex
Wonka 730 Limited.,"163 Elm St., Dallas",WA|TX,Globex|Massive Dynamic|Vehement|Blue Sun
"Oscorp 170, Ltd",483 Maple Drive New York,NJ|NY,Blue Sun|Initrode|Initech
LexCorp 2087 Ltd.,849 Cedar Blvd Seattle,TX|NY|MA,Vehement|Initrode|Globex|Massive Dynamic
"Massive Dynamic 2124, Limited","930 Oak Road, Seattle, USA",NJ|TX,Massive Dynamic|Vehement
OSCORP 994 Limited,"32 Oak Rd, New York",NJ|CA,Globex
Stark 1985,"324, Pine Avenue, Austin",NJ|WA|TX,Vehement|Globex|Initrode|Massive Dynamic
"Abstergo 1396, Limited","794 Elm St, Seattle, USA",IL|CA|NY,Blue Sun|Vehement
Acme 1013,"715, Maple Dr., Chicago",NJ|NY|TX,Globex|Blue Sun|Initrode|Initech
